ee5c5befe3f2b26839ed6d425cd47c2d_0, 0ebdd0ae0ffc1339fd2b5833acd2a676_0
1183fddd9ff9795e533b63d1a8adb2d9_2002, 072a779f741087ffaf469b2399c3b04e_0
115027602385ce0c75b12b614a77efa4_0, 01d0e921d41a544be3cf141dbef0a8f6_0
ff6ae3e1c7ca247a81322398a6dcc7f6_0, 008dee88f265d150ab44537ca8607a04_0
1183fddd9ff9795e533b63d1a8adb2d9_2551, 00860e320c0b06890be4fb954e76b0cb_0
1183fddd9ff9795e533b63d1a8adb2d9_806, 072a779f741087ffaf469b2399c3b04e_0
1183fddd9ff9795e533b63d1a8adb2d9_2005, 0a49b341c3e3a6ece6cf3695e7e27107_0
ff150ee11cc85451ca7aa7be9e6cb6df_1, 05fabf2d4e3bb1b56361d0c1dd7ae4ea_0
1183fddd9ff9795e533b63d1a8adb2d9_2500, 072a779f741087ffaf469b2399c3b04e_0
eede7064c946e511e1a0f0fc19ce16d8_0, http_^^www.crowncork.com^who.html
1183fddd9ff9795e533b63d1a8adb2d9_2419, 015a4f49f12e2415acdf29bbcb4a6c59_1
ffe1b8a449d36d4697fb5c65c6ab9491_0, 0e4703e14d8ca0b28ef728a32d60d437_0
113286bebd489283944165f9bff08e9e_21, 0bb6254b5803825885c47973fc90ce10_25
1124fe0f0ca3dc94fee5d8fca28332c9_0, toi_30239152_10882.cms
ff9086312fd60215ce130744b7896389_0, 047b9f7c56b58646a20903c870d8755a_0
1126c7fae8c26d2b9322c8a474a5297b_0, 000a32baa91871e5b42214abde64132e_0
1183fddd9ff9795e533b63d1a8adb2d9_843, 015a4f49f12e2415acdf29bbcb4a6c59_1
1183fddd9ff9795e533b63d1a8adb2d9_181, 00860e320c0b06890be4fb954e76b0cb_0
ee0550e64a7f7b1fef63ff3f7226519c_0, 00e95d686eb88f74f52aee59d9ce80c2_0
ee95a4ebf3a2d5464df2bace6e8691a4_0, 0981aeee62306233dd0661a1fd92da30_0
1183fddd9ff9795e533b63d1a8adb2d9_1314, 072a779f741087ffaf469b2399c3b04e_0
ff61d8737add4a5bde269dabc8bb58a7_0, 07e8f611f6414bd0c093d65179799afa_0
ff38940cc6077f0cc85433b76c1408b0_0, 044ea1f16e020ef88df0bb33d61a0d47_0
1183fddd9ff9795e533b63d1a8adb2d9_1183, 00860e320c0b06890be4fb954e76b0cb_0
1183fddd9ff9795e533b63d1a8adb2d9_724, 019eb275ed9bf444b1e65156f7e8f3ee_0
11a789fe8f195e8ed267c9dea60e17b0_0, http_^^www.whbrady.com^cgi-bin^genobject^document_5_43^tigQPnglumx
113286bebd489283944165f9bff08e9e_23, 0bb6254b5803825885c47973fc90ce10_25
1183fddd9ff9795e533b63d1a8adb2d9_45, 072a779f741087ffaf469b2399c3b04e_0
1183fddd9ff9795e533b63d1a8adb2d9_2085, 072a779f741087ffaf469b2399c3b04e_0
11f0158bf13f533706c2feb7218c6024_3, 0bb6254b5803825885c47973fc90ce10_30
1183fddd9ff9795e533b63d1a8adb2d9_20, 019eb275ed9bf444b1e65156f7e8f3ee_0
1183fddd9ff9795e533b63d1a8adb2d9_734, 00860e320c0b06890be4fb954e76b0cb_0
ff3d93e29b5fddafc4e4767656c11bcf_1, 0f86195d4ce4dc2fb9d9ccdd7d200dcc_0
1183fddd9ff9795e533b63d1a8adb2d9_748, 015a4f49f12e2415acdf29bbcb4a6c59_1
1183fddd9ff9795e533b63d1a8adb2d9_184, 015a4f49f12e2415acdf29bbcb4a6c59_1
1183fddd9ff9795e533b63d1a8adb2d9_2066, 072a779f741087ffaf469b2399c3b04e_0
1183fddd9ff9795e533b63d1a8adb2d9_924, 0f6a0212204db7f4608d90866dbbda0c_0
ee58f103c0e114898a2ac16a8221fa47_0, 0f956d100132f1e0b4b744c51a0b66b8_0
11f6e79d64e51477e15d961b0cefd9be_0, 00178e5f3212f5e82fb5c8c49d047f02_0
ee80e99fcc73ebb6fedee4a1a0ead803_0, 01766f68d37c0b01d9e730a9036ee5c1_0
ff6185fc93472df9a32a4d3e975c4067_0, firstpost_940811_16159.html
ff7b1aee0843e27bb6fb56d727c9d45b_0, 0a8d50c8e2af2c9e21478647c9d2286a_0
ff110e9b22ee3c7575f4e4ae26563594_8, 037bd8ade680621feb428eb8fd0a5969_10
112eaacb6d85a47aa60a2ba8be6b4cba_0, 047b9f7c56b58646a20903c870d8755a_0
1183fddd9ff9795e533b63d1a8adb2d9_1054, 00860e320c0b06890be4fb954e76b0cb_0
ff3c4d0c57fe4f13ea23b760834d666d_0, 027fb079949f5cf60b972ea420adebd3_0
1183fddd9ff9795e533b63d1a8adb2d9_735, 019eb275ed9bf444b1e65156f7e8f3ee_0
1183fddd9ff9795e533b63d1a8adb2d9_619, 015a4f49f12e2415acdf29bbcb4a6c59_2
ee6eaa759d7f2faa57c6b525dae60c88_0, 0e599b5dfbd55acca5e716ff92811244_0
1183fddd9ff9795e533b63d1a8adb2d9_2010, 015a4f49f12e2415acdf29bbcb4a6c59_1
ff9550823085280cc2bb6b216fb314aa_0, 0a7405c8d608ee59bbda6043dd1324bd_0
1183fddd9ff9795e533b63d1a8adb2d9_1670, 072a779f741087ffaf469b2399c3b04e_0
ee5afcda4b84dbde1b6306091d6d387a_0, 0741058d96695f829cfd2424202ea11a_0
1183fddd9ff9795e533b63d1a8adb2d9_2603, 015a4f49f12e2415acdf29bbcb4a6c59_1
ee00488281522592faf0ff25553b91e6_0, 0b1dc31e63166151fd56bae99211a9ca_0
ee43876c214bc395c02750bacaddfb10_0, http_^^www.perle.com^Products.html
1183fddd9ff9795e533b63d1a8adb2d9_278, 015a4f49f12e2415acdf29bbcb4a6c59_1
eef36ac03b6acef720ecbc85b7f350b5_0, 033f348e4381cf0a56c75ca41c1a6ef7_0
1183fddd9ff9795e533b63d1a8adb2d9_1350, 072a779f741087ffaf469b2399c3b04e_0
ff0b5e815c1db00eed823059fe39bdd7_0, http_^^www.bairnco.com^kasco^
eed678241b1b49f3006ade2b4bf9b87f_0, 08df38df2d1b97aa06c3c79bb7b663a6_0
ffb79a558677c89b4e0eb8c76e35dc5d_33, 0e6acf07ab69dc46560274c60459c496_0
ffb79a558677c89b4e0eb8c76e35dc5d_15, 0db0aeb836753c8b3fcadc3ecbc35543_0
1183fddd9ff9795e533b63d1a8adb2d9_948, 0f6a0212204db7f4608d90866dbbda0c_0
1183fddd9ff9795e533b63d1a8adb2d9_2285, 072a779f741087ffaf469b2399c3b04e_0
ff3bb4b2706abe4e30bc59be3e5fe205_0, toi_38307030_13853.cms
1183fddd9ff9795e533b63d1a8adb2d9_951, 019eb275ed9bf444b1e65156f7e8f3ee_0
117b3a70c2b41858bc7a333c893ff68d_0, 0f0d72d5198932cd5074b77b7a52b116_0
1183fddd9ff9795e533b63d1a8adb2d9_233, 00860e320c0b06890be4fb954e76b0cb_0
1183fddd9ff9795e533b63d1a8adb2d9_730, 00860e320c0b06890be4fb954e76b0cb_0
ee238258365637d8dcce89b6dcc16b8a_0, 0e8da4a02535578b93b4f060259dd262_0
1183fddd9ff9795e533b63d1a8adb2d9_1906, 015a4f49f12e2415acdf29bbcb4a6c59_1
1183fddd9ff9795e533b63d1a8adb2d9_521, 072a779f741087ffaf469b2399c3b04e_0
ff5333f290a7a06cbdcd1e91b0c65106_0, 00a3ea0d1313ef95ba839d853937f9a8_0
119c7a6241352c1fec8b87f08a1bb836_0, 015fc085a80452b8400fa327b1e7446e_0
ee5bec1090fcdd8ee86f4720ebd07083_1, 0ef1d6d71f73ada8730603506a6d5c90_0
ffca1536aca28522dcf4d3497ec6b7bf_0, 0188a2a41c2f3640309c8e420f1f3790_0
1183fddd9ff9795e533b63d1a8adb2d9_503, 00860e320c0b06890be4fb954e76b0cb_0
1183fddd9ff9795e533b63d1a8adb2d9_2337, 00860e320c0b06890be4fb954e76b0cb_0
1183fddd9ff9795e533b63d1a8adb2d9_2322, 00860e320c0b06890be4fb954e76b0cb_0
1183fddd9ff9795e533b63d1a8adb2d9_2215, 072a779f741087ffaf469b2399c3b04e_0
ff06d6acd0484ed981c0bc847c4c4025_0, 0d9397be06b54c4270c2bdfeb3b457e7_0
1183fddd9ff9795e533b63d1a8adb2d9_2149, 015a4f49f12e2415acdf29bbcb4a6c59_1
1183fddd9ff9795e533b63d1a8adb2d9_99, 015a4f49f12e2415acdf29bbcb4a6c59_1
11ee1d7a205d7db763b30f1001221ff9_0, ndtv_2_03012.html
1183fddd9ff9795e533b63d1a8adb2d9_1820, 0a49b341c3e3a6ece6cf3695e7e27107_0
ffb79a558677c89b4e0eb8c76e35dc5d_79, 08931e8faaedb1c79d9da52ae763ceda_0
eeda4d2a49993b21d6f504c40d336f08_1, 0e40f67c3329a3a6136d002c18e49bc8_0
ffca2e88be4fb6c2bd6147518e269363_1, 010734d8aaa52442b626f24275d80b0c_0
11193d7d88991080658bbd2897a76ca0_8, http_^^www.bullruncorp.com^revenue.html
1183fddd9ff9795e533b63d1a8adb2d9_1994, 015a4f49f12e2415acdf29bbcb4a6c59_1
114346d2f2f740ba42c8429f7749dbd1_0, ndtv_93_01602.html
1183fddd9ff9795e533b63d1a8adb2d9_141, 072a779f741087ffaf469b2399c3b04e_0
ee848c2f9c30a728bb04e0a0a230cd8f_0, 0267ed38df7039ab47226f704245b2ec_0
111e64ef31b9980a802e8cc35b119efa_0, 0a614c811575718c384467ea272bc59a_0
ee6e5bf4d32f1fd84887331594f8eb72_0, 07af2b798f4257bfb96982b9029cce1c_0
eea16fe05092882ab8d70628071f663e_10, 01637cde6cf2f459db96794bc0059ff2_8
11a8b82a003a31a396dbb62da9a2826e_0, 0bc4deb8ea72a503c50ad68e0b0587c9_0
ee627728db844c1770ad53784d428bed_0, 0f85b65e260f049d90c3e78da41367da_2
1183fddd9ff9795e533b63d1a8adb2d9_444, 072a779f741087ffaf469b2399c3b04e_0
11ccf36a796511b7b1c01ff3e6dc38f2_0, 04596d42a577ad6da0a5b7c9088abaf8_0
1156ced718b1afc48340115466c193f9_0, 08fb1a6b67632697933fbca5be8fe4a8_0
1183fddd9ff9795e533b63d1a8adb2d9_576, 0f6a0212204db7f4608d90866dbbda0c_0
1183fddd9ff9795e533b63d1a8adb2d9_1993, 015a4f49f12e2415acdf29bbcb4a6c59_1
113286bebd489283944165f9bff08e9e_22, 00ba056ef82e7c810e5002b978c82428_7
1183fddd9ff9795e533b63d1a8adb2d9_2546, 015a4f49f12e2415acdf29bbcb4a6c59_1
1183fddd9ff9795e533b63d1a8adb2d9_1573, 015a4f49f12e2415acdf29bbcb4a6c59_1
ff133644399f13e7a063705df83841e7_0, 0c322fcb8c6e8d069749251e243bf400_0
1183fddd9ff9795e533b63d1a8adb2d9_1977, 015a4f49f12e2415acdf29bbcb4a6c59_1
1183fddd9ff9795e533b63d1a8adb2d9_2474, 00860e320c0b06890be4fb954e76b0cb_0
ffd154e124ecd172acc3de61bd694c22_0, 008dee88f265d150ab44537ca8607a04_0
1183fddd9ff9795e533b63d1a8adb2d9_1391, 072a779f741087ffaf469b2399c3b04e_0
eea16fe05092882ab8d70628071f663e_1, 005a1ffa883f1d42d08870afda711984_0
11d8513837c55ede59057c9072d2aba0_0, 0abf3a4bd37c5aad434492c5b79ff0c2_0
ee54d3791bebce74c887840972776f97_2, 0566389b229447ecae230156aaba9240_0
1183fddd9ff9795e533b63d1a8adb2d9_2360, 0f6a0212204db7f4608d90866dbbda0c_0
112c51d6c7e77dd759c32675687a201f_0, 0cfc652ab4e2328ea6d1dcfb50304b8d_0
1183fddd9ff9795e533b63d1a8adb2d9_464, 00860e320c0b06890be4fb954e76b0cb_0
1183fddd9ff9795e533b63d1a8adb2d9_903, 072a779f741087ffaf469b2399c3b04e_0
1183fddd9ff9795e533b63d1a8adb2d9_1948, 00860e320c0b06890be4fb954e76b0cb_0
1183fddd9ff9795e533b63d1a8adb2d9_2157, 072a779f741087ffaf469b2399c3b04e_0
1183fddd9ff9795e533b63d1a8adb2d9_2383, 015a4f49f12e2415acdf29bbcb4a6c59_1
1183fddd9ff9795e533b63d1a8adb2d9_997, 0f6a0212204db7f4608d90866dbbda0c_0
1178033dd31b018476127e3783aed4ac_0, 03971eb2570bab5a4b07efa04c0ccda3_0
1183fddd9ff9795e533b63d1a8adb2d9_2428, 0a49b341c3e3a6ece6cf3695e7e27107_0
1183fddd9ff9795e533b63d1a8adb2d9_1331, 019eb275ed9bf444b1e65156f7e8f3ee_0
1183fddd9ff9795e533b63d1a8adb2d9_2535, 015a4f49f12e2415acdf29bbcb4a6c59_1
1183fddd9ff9795e533b63d1a8adb2d9_1496, 015a4f49f12e2415acdf29bbcb4a6c59_1
ffd07499296527be79eee1b2da514a86_0, http_^^www.asarco.com^PressReleases^pr_index.html
1183fddd9ff9795e533b63d1a8adb2d9_1427, 00860e320c0b06890be4fb954e76b0cb_0
11654b78cf8e9fa36ea727d073c81452_0, 018c20873a8ec2829798368375ee3074_0
1183fddd9ff9795e533b63d1a8adb2d9_202, 015a4f49f12e2415acdf29bbcb4a6c59_1
1183fddd9ff9795e533b63d1a8adb2d9_1846, 072a779f741087ffaf469b2399c3b04e_0
11f0158bf13f533706c2feb7218c6024_23, 0e7f34d332d3479855d01cf2a52f288c_13
1183fddd9ff9795e533b63d1a8adb2d9_1854, 0aec5c19d5c42a7d2fb79e42a4954c9c_0
11f0158bf13f533706c2feb7218c6024_20, 0bb6254b5803825885c47973fc90ce10_30
ff899813f078018bfd5f012eb637357b_0, 0da835cca3d6e327276dd4cb99fbda03_0
1183fddd9ff9795e533b63d1a8adb2d9_1448, 015a4f49f12e2415acdf29bbcb4a6c59_1
ff14dad85b99bab8356b7916d5020c86_5, 063f935e3406462d3b5adf796c96b93a_0
1183fddd9ff9795e533b63d1a8adb2d9_1734, 015a4f49f12e2415acdf29bbcb4a6c59_1
eefe6d40ac9ad8abbbd99b2b73297561_0, 0a963552ddef95ec3a2b1a55e54e8128_0
1183fddd9ff9795e533b63d1a8adb2d9_1635, 072a779f741087ffaf469b2399c3b04e_0
ff379ee65949ffefc60cfec35db1db21_0, 086496b2e2a923910efb120d91d5b5f5_0
112d92c18c21ad77c2e7d1771394e9cc_0, firstpost_1081027_14012.html
ee53daae2c620f6bf2062541574f4af2_0, 09391043cd892e7a7950cf735d570058_0
1183fddd9ff9795e533b63d1a8adb2d9_1347, 0aec5c19d5c42a7d2fb79e42a4954c9c_0
fffe97a2ef4779883c8373d1c825db8a_0, 084fb3b38e7a1bc17cd40a5bfcfbd189_0
ffb79a558677c89b4e0eb8c76e35dc5d_57, 0e6acf07ab69dc46560274c60459c496_0
11f357686c368a14f61ac4166fba5ecd_0, 09fd32ac9ab187045165a6fc18c4030e_0
1183fddd9ff9795e533b63d1a8adb2d9_2078, 015a4f49f12e2415acdf29bbcb4a6c59_1
1183fddd9ff9795e533b63d1a8adb2d9_2460, 072a779f741087ffaf469b2399c3b04e_0
1183fddd9ff9795e533b63d1a8adb2d9_2309, 0a49b341c3e3a6ece6cf3695e7e27107_0
ff9426aed16d29c934babf6fcbb01bc6_0, 0a94938f4aa0a0db5386f8562a5bd56d_0
ee1f6154b42c5e0e05a531f4333b755f_0, toi_30267810_10997.cms
1183fddd9ff9795e533b63d1a8adb2d9_1024, 072a779f741087ffaf469b2399c3b04e_0
ff110e9b22ee3c7575f4e4ae26563594_1, 037bd8ade680621feb428eb8fd0a5969_4
11be095ceba57373f2ef294aa7525a47_0, 02d0652867d4fe51689db11c4fd8312c_0
119ef1afaf478a332001e29bd3b80c80_0, 04dbc89f7b2c82eec7bd107e3fc8c3f4_0
ff6ca921ed352cdc1fbcf98bfe0e2008_0, 069d6ff9efd22c1a507364c26f14acdb_0
118d0c503825482f824a48a928f055b3_0, 0003a2e852eb213f3ef8f7f6b663c8e6_0
1197bf4fb3035027a036277c7cbd9cdf_16, 02171fcec9f370664a1a44909b9143d9_0
1183fddd9ff9795e533b63d1a8adb2d9_2042, 072a779f741087ffaf469b2399c3b04e_0
ee56ab3628f42c4517342f10ba3ee0b3_0, 00eb933901bbcfae7af38438375b8d9a_0
1183fddd9ff9795e533b63d1a8adb2d9_671, 072a779f741087ffaf469b2399c3b04e_0
1183fddd9ff9795e533b63d1a8adb2d9_2167, 072a779f741087ffaf469b2399c3b04e_0
111c3f2f70dcff3d5d7ffcdc760678ef_0, ndtv_144_04156.html
11f2c86fca8632957d61045691dfb1fd_0, 0e3078b9c032532cfa0985bd6adec7e7_0
11df31969733556519d65054883f57e5_0, 0438293c884a8f59b4e41ac0247ac628_0
ff47ad4e9bec0b402a5dd767d24f1520_0, 09e9d5bbabe945a505b6c17e40f72ef5_0
1183fddd9ff9795e533b63d1a8adb2d9_2730, 00860e320c0b06890be4fb954e76b0cb_0
1183fddd9ff9795e533b63d1a8adb2d9_238, 072a779f741087ffaf469b2399c3b04e_0
ee2bfb53081cb3e8c72772528e32233e_0, http_^^mw.dbc.com^faq9a.html
eeac3c98d407a684a00e001326edd680_2, 019c28e019683bc314c220a05562e99a_0
ff569835ba19aefa6cf74301d5bdf880_1, 0c94e76c6f333523a6685fe0f5d4239b_0
118f7bf41f9f21c072bf00cc3236bfae_0, 042d1b0a0d04ed5d0424e38341370b14_0
1183fddd9ff9795e533b63d1a8adb2d9_947, 00860e320c0b06890be4fb954e76b0cb_0
1183fddd9ff9795e533b63d1a8adb2d9_794, 06eaaeceb8207e3c6e7994277556d4e2_0
ffb79a558677c89b4e0eb8c76e35dc5d_82, 02df098d0bdd224b3d96a217aef9c648_0
1183fddd9ff9795e533b63d1a8adb2d9_1553, 00860e320c0b06890be4fb954e76b0cb_0
1183fddd9ff9795e533b63d1a8adb2d9_1672, 0207eefdb4e598c2d7aceeb7af345428_0
1183fddd9ff9795e533b63d1a8adb2d9_1245, 00860e320c0b06890be4fb954e76b0cb_0
11ae1ad4ac8079ab43b1f7b35a3b6c99_0, 089da42b0c0325f3a9968f47ac0c69e1_0
ffb79a558677c89b4e0eb8c76e35dc5d_109, 0e6acf07ab69dc46560274c60459c496_0
1183fddd9ff9795e533b63d1a8adb2d9_2668, 015a4f49f12e2415acdf29bbcb4a6c59_1
1183fddd9ff9795e533b63d1a8adb2d9_791, 072a779f741087ffaf469b2399c3b04e_0
1183fddd9ff9795e533b63d1a8adb2d9_2056, 015a4f49f12e2415acdf29bbcb4a6c59_1
1183fddd9ff9795e533b63d1a8adb2d9_1777, 019eb275ed9bf444b1e65156f7e8f3ee_0
eed533ef60ae14bb391d3bdeaa9f8847_0, 05ab71d661bf68b50bf55e586becedec_0
1183fddd9ff9795e533b63d1a8adb2d9_422, 015a4f49f12e2415acdf29bbcb4a6c59_1
114ab9118acdd614f2fb04b5a78f4b53_0, 07d288d794aa293f1e3ffbd0ba7778c5_0
1183fddd9ff9795e533b63d1a8adb2d9_2518, 0a49b341c3e3a6ece6cf3695e7e27107_0
ff703a08c58a6bf610091c10687fbd44_0, 0fa49e87254fef0e52fed70916eb632f_0
ff7746aa14783882cd1381774aba7209_0, 001bffd1a2f1ea2f23970367192feb36_0
ff3a44ff3c79d9a6edb3b4c8ac9fef4a_0, 029a617e66bc4a7e75ddd337f361c943_0
1183fddd9ff9795e533b63d1a8adb2d9_165, 0a49b341c3e3a6ece6cf3695e7e27107_0
117089ba00192097fd36bc2c971c437b_0, 013edabed1b755d2e3a346e3ebb1e1e4_0
1183fddd9ff9795e533b63d1a8adb2d9_492, 015a4f49f12e2415acdf29bbcb4a6c59_1
1128d9e6fe52abd3d79cf8969f1b5e11_0, 048dccb6d79b8e22097dcb10933084c6_0
1183fddd9ff9795e533b63d1a8adb2d9_1665, 015a4f49f12e2415acdf29bbcb4a6c59_1
ffb4a4c2ec6835d5a72b454086c0ff72_0, 0129d9e39bff233d7d342116588fed7a_0
1183fddd9ff9795e533b63d1a8adb2d9_1278, 0f6a0212204db7f4608d90866dbbda0c_0
ee0301af06a5eb81f85204046815d09e_0, 05a28b44b7b5e5eacf09f46b0f933b6e_0
1183fddd9ff9795e533b63d1a8adb2d9_446, 072a779f741087ffaf469b2399c3b04e_0
ee5c36e1ee5f4d887eecfdac959b6bfd_9, 044504cb8cd270c65dafb06a89a67dc8_0
113286bebd489283944165f9bff08e9e_9, 09da5bc5e622ca3081cd48d2a681dad9_0
11f2a5dcc89e51c5286a320e1f8d57fc_0, 02b70a0512670d45ca84b21cb445c19c_0
1183fddd9ff9795e533b63d1a8adb2d9_1115, 00860e320c0b06890be4fb954e76b0cb_0
ff20ad2481f97b1754ef3e12ecd3a9cc_11, 04ec5562b1208621b48bac813742fe4a_0
1183fddd9ff9795e533b63d1a8adb2d9_1982, 019eb275ed9bf444b1e65156f7e8f3ee_0
1183fddd9ff9795e533b63d1a8adb2d9_544, 072a779f741087ffaf469b2399c3b04e_0
ff00df830359263d9497b617e52372a4_34, 03316b9b82ee58b565e2888f981f0a41_13
1183fddd9ff9795e533b63d1a8adb2d9_824, 015a4f49f12e2415acdf29bbcb4a6c59_1
1183fddd9ff9795e533b63d1a8adb2d9_15, 015a4f49f12e2415acdf29bbcb4a6c59_1
ee515ad4060259390899c851c572f280_0, 0e17dc5c3d4f7064b1cb5134032e0b4d_0
ee871cc41ccdd40e9df9dcc2c6470ae9_0, 0090f6d5104e7f7b60c67e43f893ddec_0
1183fddd9ff9795e533b63d1a8adb2d9_1882, 019eb275ed9bf444b1e65156f7e8f3ee_0
ffb269d5cc9ed66e6bed9dd4d31cab80_0, 0d420e012bf962461d7907bc48dd0bad_0
1183fddd9ff9795e533b63d1a8adb2d9_2669, 072a779f741087ffaf469b2399c3b04e_0
1183fddd9ff9795e533b63d1a8adb2d9_57, 015a4f49f12e2415acdf29bbcb4a6c59_1
eeb4ab8640b5551860a9fbfa24e9f686_0, 024ebfaa2cebb1c7649920c0f94a0657_0
ff29a9e36429bb41bbe916c6e8b063c5_0, 0bbf2871003ddc8d984d5d90968d90ce_0
1183fddd9ff9795e533b63d1a8adb2d9_1761, 015a4f49f12e2415acdf29bbcb4a6c59_1
112f9089eb6786cfd1f442605070fd38_0, 0fd3db4337359662bb73ce45235c84f0_0
1109d2af4070680e160420534dbb170e_1, 09f26a31f21a4e8a223401e6ed75182c_0
1183fddd9ff9795e533b63d1a8adb2d9_1630, 072a779f741087ffaf469b2399c3b04e_0
ffd8f6f56359049f84a00eadc0000d09_0, 0027155de6070713e6ba81559a53d3ef_0
ffb79a558677c89b4e0eb8c76e35dc5d_103, 0e6acf07ab69dc46560274c60459c496_0
1183fddd9ff9795e533b63d1a8adb2d9_1092, 00860e320c0b06890be4fb954e76b0cb_0
1183fddd9ff9795e533b63d1a8adb2d9_2563, 015a4f49f12e2415acdf29bbcb4a6c59_1
ff9279e3808e899c2bb8093a687c5e5e_2, 0c20f25189416169bc5cea4ad6904865_0
1183fddd9ff9795e533b63d1a8adb2d9_2707, 0a49b341c3e3a6ece6cf3695e7e27107_0
1183fddd9ff9795e533b63d1a8adb2d9_1716, 00860e320c0b06890be4fb954e76b0cb_0
ee9f0508802c2a1c4be8e17faf9e8f81_0, 020105e3be290b2fa94906a86ee01f27_0
1183fddd9ff9795e533b63d1a8adb2d9_2033, 0207eefdb4e598c2d7aceeb7af345428_0
1183fddd9ff9795e533b63d1a8adb2d9_1995, 0f6a0212204db7f4608d90866dbbda0c_0
ee54d3791bebce74c887840972776f97_99, 0566389b229447ecae230156aaba9240_0
1183fddd9ff9795e533b63d1a8adb2d9_1819, 00860e320c0b06890be4fb954e76b0cb_0
1183fddd9ff9795e533b63d1a8adb2d9_2441, 015a4f49f12e2415acdf29bbcb4a6c59_1
ffe62b5fdb73a7f476b9b9c434afc476_0, 0c73ebc62bc01514109b706d9c2b7bca_0
117869bf1051637cf495d4cb0d3e38e3_0, 07d960c8de67b0097de8e9e2d84c4276_0
1183fddd9ff9795e533b63d1a8adb2d9_768, 019eb275ed9bf444b1e65156f7e8f3ee_0
1183fddd9ff9795e533b63d1a8adb2d9_2537, 072a779f741087ffaf469b2399c3b04e_0
1183fddd9ff9795e533b63d1a8adb2d9_1746, 072a779f741087ffaf469b2399c3b04e_0
1183fddd9ff9795e533b63d1a8adb2d9_2627, 06eaaeceb8207e3c6e7994277556d4e2_0
1183fddd9ff9795e533b63d1a8adb2d9_11, 072a779f741087ffaf469b2399c3b04e_0
1183fddd9ff9795e533b63d1a8adb2d9_2724, 015a4f49f12e2415acdf29bbcb4a6c59_1
ffff4c158f17e9d8357b4f2dbf1af932_0, 0570af32a184f6104917d4f3d1a0c453_0
ffba038026af263ed9e683e17ddd47be_7, 005bd118ad96ccf0db3896d8cb9db51d_3
ff73ff65bfb8528871280a0aa49a2c42_0, 0eb9f545a01fa9d679213242a50f2719_0
1181ffc834acd87cb86c9972574d66c1_2, 0255e9e4e8fd3b09c674751f049de0cf_2
110c8c856e11aa2dc33754c9f7ae9179_4, http_^^www.timken.com^research^index.html
ee7d2c2b061e451bb8c981e13f3c5b9b_1, 053281736b16af048aff3680e2ec4e0f_0
1183fddd9ff9795e533b63d1a8adb2d9_1205, 072a779f741087ffaf469b2399c3b04e_0
116004f3f5f88aeb7139286ae8c00760_0, 057b82c7e0306541014233f895679b3e_0
117a13c5d1f9f721f8774c04f09dd2f9_0, 088d671d3406c817a490b704fd99dd82_0
eeeecdec92023e7477564925ac833876_0, 06ac6919e55ff08e94aeb6d11b131adb_0
1183fddd9ff9795e533b63d1a8adb2d9_2080, 072a779f741087ffaf469b2399c3b04e_0
ff751bf9d375d28cfc6fd5d9e59eb564_7, 0b71696dbb107093752a00ae7a55e326_1
ee444ae061e95df1668e933c76aa9947_0, 0632a8e91e4cb8bfe65c9c0478e54a25_0
ffd1d8b923dfe4ea465ac68e8798eb05_0, 092504a051f687d74cf62cc067fe1b1b_0
1194448d2448cc4aad7bdb07721132b7_0, 0027155de6070713e6ba81559a53d3ef_0
1183fddd9ff9795e533b63d1a8adb2d9_1841, 00860e320c0b06890be4fb954e76b0cb_0
1183fddd9ff9795e533b63d1a8adb2d9_2420, 015a4f49f12e2415acdf29bbcb4a6c59_2
113032336b2c326d91786924917e034e_2, 0ba35fcbf5f2fb0b468124d002c9c630_0
ee55b33dbe1d92c9a32a271daf5ea22e_0, 039cd461d9017684b55c5b52b8e18787_0
1183fddd9ff9795e533b63d1a8adb2d9_2218, 019eb275ed9bf444b1e65156f7e8f3ee_0
ff9a454a57eae81b1c818d88605a1653_0, 0e6e7229ed1834c01de5b6943b7276e6_0
ffec836989ab0b7ea551316e3900b308_0, 04fbc4d755e15bbf459922ad0443860c_0
1183fddd9ff9795e533b63d1a8adb2d9_871, 072a779f741087ffaf469b2399c3b04e_0
ff77963ab489c33553ed6ab7feb75c92_0, 004c692a6a9afe47c6430c5200da0b4a_1
ff9279e3808e899c2bb8093a687c5e5e_4, 0c20f25189416169bc5cea4ad6904865_0
113286bebd489283944165f9bff08e9e_0, 00ba056ef82e7c810e5002b978c82428_7
ee54d3791bebce74c887840972776f97_70, 0566389b229447ecae230156aaba9240_0
fff5c76c3624cbff2879de5168a6698f_0, 0136b2c0a58f1e5280d0fdabda0eef3a_0
1183fddd9ff9795e533b63d1a8adb2d9_511, 015a4f49f12e2415acdf29bbcb4a6c59_1
1183fddd9ff9795e533b63d1a8adb2d9_1875, 015a4f49f12e2415acdf29bbcb4a6c59_2
1183fddd9ff9795e533b63d1a8adb2d9_2200, 072a779f741087ffaf469b2399c3b04e_0
eea235e4b4a2d6539e573ece37dbaf96_0, 0911c56a536d7acbc016af6170dc0e1c_0
11e94891f6ba85cc99375f0143c5a7e2_0, 09b010f38d10be1f0e360d8a31627e40_0
ff9341025f3a5aa3780bbd06eb292c7f_1, 07bb4587e163e822b4671867ad69468d_0
1183fddd9ff9795e533b63d1a8adb2d9_2151, 0f6a0212204db7f4608d90866dbbda0c_0
ee1b58f0010a23378f9337294fec2c75_0, 009367c469d63605f74156bddbecbf17_0
ff3aec5f9b2b4231d2eaf4d55992def1_0, 034c6b472b3fdebd1d9026a258a0a0b8_0
1183fddd9ff9795e533b63d1a8adb2d9_2446, 00860e320c0b06890be4fb954e76b0cb_0
1183fddd9ff9795e533b63d1a8adb2d9_1682, 072a779f741087ffaf469b2399c3b04e_0
ff14dad85b99bab8356b7916d5020c86_1, 05da1d2c1455544bf552b1537fb0d243_3
ff541127e0297a20f99cd19ed063bbf2_0, 0c8131d93fc3c4530f42d679b383cba1_0
1183fddd9ff9795e533b63d1a8adb2d9_856, 015a4f49f12e2415acdf29bbcb4a6c59_1
eef1fbbf0d83436b9fef75ad9b9f5641_0, 00e3ae425a3180e2d806742ac99775b6_0
1183fddd9ff9795e533b63d1a8adb2d9_1711, 0f6a0212204db7f4608d90866dbbda0c_0
ff3479d14e6ff9fa5636ca85afc4406d_0, 0055eb4210a4c2806f7249788c4a97b7_0
1183fddd9ff9795e533b63d1a8adb2d9_560, 015a4f49f12e2415acdf29bbcb4a6c59_1
ff25e637c5c3f387d217df4351937b52_1, 04bcea1c762f70ed60b785240f96b96c_0
1183fddd9ff9795e533b63d1a8adb2d9_616, 015a4f49f12e2415acdf29bbcb4a6c59_1
ffc0622702e63f983d510ee82fb05630_1, 0407bcf50833bd793b34c5cc31066260_0
119b7a208ca0acd94e75e0d9b62e524b_0, 03e0c0cc254fe4f33ae10d288f780a3a_0
11171a5e48457b769aed4954c14be15c_0, 05fabf2d4e3bb1b56361d0c1dd7ae4ea_1
ff348b0dce0a126b3d13a6abd55b4b32_0, 0d820e7f2dc4d6d071fbab60b5da09cf_2
ff28155f89b9272d1196b3fa95acd4e7_0, 068875279674b2887650033f60bb3478_0
1183fddd9ff9795e533b63d1a8adb2d9_980, 00860e320c0b06890be4fb954e76b0cb_0
11ce56f3ac51b3523466e58f02b5c698_0, 0a0a17fbe2761d26b4bf3eeb5b23f7c0_0
ff373d511a3f23519f008f824ba1958b_0, 00178e5f3212f5e82fb5c8c49d047f02_0
ff31018d59a79bc192c5e4e9ed070d82_0, toi_38284524_13295.cms
11acb6223fb7070761abaf2be7639a40_0, 0cbc353b757a99e6ecb23976ec07350e_0
1183fddd9ff9795e533b63d1a8adb2d9_242, 072a779f741087ffaf469b2399c3b04e_0
ff3d93e29b5fddafc4e4767656c11bcf_6, 0f86195d4ce4dc2fb9d9ccdd7d200dcc_0
1183fddd9ff9795e533b63d1a8adb2d9_489, 019eb275ed9bf444b1e65156f7e8f3ee_0
110c8c856e11aa2dc33754c9f7ae9179_5, http_^^www.timken.com^research^index.html
ff110e9b22ee3c7575f4e4ae26563594_55, 037bd8ade680621feb428eb8fd0a5969_4
fffa7209beb22b71e90f1e0818b39cdc_0, http_^^www.epixmed.com
ff632d369cec77b90a9a141916202c61_0, 0ca5f234cead809720001611b3e6db29_0
1183fddd9ff9795e533b63d1a8adb2d9_1502, 00860e320c0b06890be4fb954e76b0cb_0
1183fddd9ff9795e533b63d1a8adb2d9_995, 019eb275ed9bf444b1e65156f7e8f3ee_0
1183fddd9ff9795e533b63d1a8adb2d9_524, 019eb275ed9bf444b1e65156f7e8f3ee_0
1183fddd9ff9795e533b63d1a8adb2d9_1824, 0a49b341c3e3a6ece6cf3695e7e27107_0
1183fddd9ff9795e533b63d1a8adb2d9_2493, 00860e320c0b06890be4fb954e76b0cb_0
1183fddd9ff9795e533b63d1a8adb2d9_1475, 019eb275ed9bf444b1e65156f7e8f3ee_0
1194cdfeaab9918bbc7e446a10fd3850_0, 053a0378ebef44c5972b191d5ab6c8fe_0
1183fddd9ff9795e533b63d1a8adb2d9_1939, 015a4f49f12e2415acdf29bbcb4a6c59_1
ee93c6f7b543a863fd71e6808248b579_0, 0a76292cb945fdaf5311e1d81cb3d86a_0
1183fddd9ff9795e533b63d1a8adb2d9_1866, 072a779f741087ffaf469b2399c3b04e_0
1183fddd9ff9795e533b63d1a8adb2d9_765, 015a4f49f12e2415acdf29bbcb4a6c59_1
1183fddd9ff9795e533b63d1a8adb2d9_614, 019eb275ed9bf444b1e65156f7e8f3ee_0
119b6d2ae32cbc773cdfed38210d6662_0, 0c5dddef817a77e6240815cfb753ccb0_0
ff110e9b22ee3c7575f4e4ae26563594_48, 037bd8ade680621feb428eb8fd0a5969_10
ff73c4c67c796e4ed562b7e55990786e_0, 09f02306373fec16adaaf847fe11a9e0_0
ee2ab3f150c1355b8b278b9baadfa717_0, 06e2850635154ec00ac5a13951074a9c_0
ee21b89d4abe5b8ca09b4506ab3f400d_0, 0e38a6e10748d833310d8e355cab9fbb_0
ee54d3791bebce74c887840972776f97_3, http_^^www.eagleusa.com^archive^ns101996.html
eebb3c955a2c1a2a6b6e93ab32e4631e_0, 06c12778ad3b07680dc76a7f9a61700d_0
ee2132bd99aadc237c97fdb0d8ef7018_0, 0cb1ba49009a9aa081c7cf7cf22e21d2_0
1183fddd9ff9795e533b63d1a8adb2d9_1818, 015a4f49f12e2415acdf29bbcb4a6c59_2
115d0a2bb2083abe8aa4670bba13b66f_0, 063c3840f3e116a8550bff30c7dafa38_0
1183fddd9ff9795e533b63d1a8adb2d9_1252, 00860e320c0b06890be4fb954e76b0cb_0
1183fddd9ff9795e533b63d1a8adb2d9_1445, 015a4f49f12e2415acdf29bbcb4a6c59_1
1183fddd9ff9795e533b63d1a8adb2d9_916, 015a4f49f12e2415acdf29bbcb4a6c59_1
1183fddd9ff9795e533b63d1a8adb2d9_2237, 00860e320c0b06890be4fb954e76b0cb_0
ff341b0b13cff1e6dce3b31198fca0e4_0, 02097819561c98cf8eb9fc0b438ee7b7_0
1183fddd9ff9795e533b63d1a8adb2d9_699, 072a779f741087ffaf469b2399c3b04e_0
ee54d3791bebce74c887840972776f97_38, 0566389b229447ecae230156aaba9240_0
1183fddd9ff9795e533b63d1a8adb2d9_1524, 015a4f49f12e2415acdf29bbcb4a6c59_1
1183fddd9ff9795e533b63d1a8adb2d9_1703, 072a779f741087ffaf469b2399c3b04e_0
1183fddd9ff9795e533b63d1a8adb2d9_75, 019eb275ed9bf444b1e65156f7e8f3ee_0
ffbad7001907e5d9b92a0290d8d1dfe5_0, 0f7eb3c2d28989537a811e4725bedc53_0
1183fddd9ff9795e533b63d1a8adb2d9_1467, 015a4f49f12e2415acdf29bbcb4a6c59_1
1183fddd9ff9795e533b63d1a8adb2d9_1791, 015a4f49f12e2415acdf29bbcb4a6c59_1
11135bd70d6e8336a77c3cf8779fea0d_0, 0dddf986dfdde06d30ac6e189f3d05f0_0
ee453532c9316c29ab85172da182dd9e_13, 0af54285a9ef003750b56201b560cde2_10
ee8928f4d528ad0625b8a142c30d2de7_3, 051d823efeb283471028b5558d0fc7f8_2
1183fddd9ff9795e533b63d1a8adb2d9_2199, 015a4f49f12e2415acdf29bbcb4a6c59_1
ff00df830359263d9497b617e52372a4_23, 03316b9b82ee58b565e2888f981f0a41_0
ff9a49e7d73c640ed0afeaa8060ca915_0, 0ff8f471407a9067854a38babbdf9521_0
eef5ed218f2a9767396e956fb5231129_3, 064fdce340fb65b625bda547d7064f7b_4
1183fddd9ff9795e533b63d1a8adb2d9_331, 015a4f49f12e2415acdf29bbcb4a6c59_1
11cad5d1e9d9c545a7bca8e13f773caf_0, 0cd015ac2434f3ae09986e8ac51d91f3_0
1183fddd9ff9795e533b63d1a8adb2d9_917, 072a779f741087ffaf469b2399c3b04e_0
1183fddd9ff9795e533b63d1a8adb2d9_702, 00860e320c0b06890be4fb954e76b0cb_0
11e25372f68aadf5793fe9df15525acb_0, 0e99e99b94ce6a7221b43cfb6b2d2d80_0
1183fddd9ff9795e533b63d1a8adb2d9_1061, 0f6a0212204db7f4608d90866dbbda0c_0
ffd4ef3260e0930d29638c1fda9a16ff_0, 0a383dee6f8259c52b611ca884ab848e_0
ee02f5142e7d492cabbaf67e73f95981_0, 03f26de06ab2ceae7929a8f92a8baada_0
1183fddd9ff9795e533b63d1a8adb2d9_1263, 00860e320c0b06890be4fb954e76b0cb_0
1183fddd9ff9795e533b63d1a8adb2d9_630, 072a779f741087ffaf469b2399c3b04e_0
1183fddd9ff9795e533b63d1a8adb2d9_844, 072a779f741087ffaf469b2399c3b04e_0
ffb79a558677c89b4e0eb8c76e35dc5d_18, 08931e8faaedb1c79d9da52ae763ceda_0
1183fddd9ff9795e533b63d1a8adb2d9_1256, 019eb275ed9bf444b1e65156f7e8f3ee_0
1183fddd9ff9795e533b63d1a8adb2d9_2294, 0a49b341c3e3a6ece6cf3695e7e27107_0
ffb79a558677c89b4e0eb8c76e35dc5d_83, 0e6acf07ab69dc46560274c60459c496_0
eecad192064a01fb619657a786484f06_0, 0a09246ef90295f1b1fbfd38a6964bd5_0
1183fddd9ff9795e533b63d1a8adb2d9_91, 00860e320c0b06890be4fb954e76b0cb_0
1183fddd9ff9795e533b63d1a8adb2d9_455, 0f6a0212204db7f4608d90866dbbda0c_0
ee961f13caac175038ea7858670accd9_0, 042d795de0d6a9d2d10bdbac0422e0d2_0
ff3a2f371a744080d7215f4c4dbaa04b_0, 007b07d8ca99c0a5569e4c0f0a1eb52c_0
ee87f8d6c3585f1773b0b3fad2c68ebd_1, 03bbe300225ab22e40dcd53b138a2e2a_0
11a522ae526ed2274f2052ce7070a9f3_1, 0600c6aada4170b90c8f6f6a698e9d04_0
1183fddd9ff9795e533b63d1a8adb2d9_1968, 00860e320c0b06890be4fb954e76b0cb_0
1183fddd9ff9795e533b63d1a8adb2d9_2260, 019eb275ed9bf444b1e65156f7e8f3ee_0
1183fddd9ff9795e533b63d1a8adb2d9_1113, 00860e320c0b06890be4fb954e76b0cb_0
ffdf0c01c21bfe96613a2bb2487a3bcb_0, http_^^jobhunting.com^opinion.htm
ee6557d0d7dcc4ba90ebecfe55b53349_0, 09e9d5bbabe945a505b6c17e40f72ef5_0
ffb79a558677c89b4e0eb8c76e35dc5d_63, 02413502f213b85b14aa37a506fb3b6f_0
ee25bad193a030dde743d8533a4780c1_0, 0ce45ba54f4d1be544ca023b14138799_0
1183fddd9ff9795e533b63d1a8adb2d9_232, 015a4f49f12e2415acdf29bbcb4a6c59_1
ff9b4be13c0df7f42964a6fc9d78c696_0, http_^^www.up.com^copyrig.htm
1178a8e63418299c3a1f550543f32a32_0, 0b50a1b065c8acf67388615edafb8870_0
ee5c36e1ee5f4d887eecfdac959b6bfd_25, 044504cb8cd270c65dafb06a89a67dc8_0
11409b11d3cd4c82b1d50424bd88aa44_0, 0965a02b9260c3efff7084530e7d6171_0
1183fddd9ff9795e533b63d1a8adb2d9_2193, 00860e320c0b06890be4fb954e76b0cb_0
1183fddd9ff9795e533b63d1a8adb2d9_2432, 00860e320c0b06890be4fb954e76b0cb_0
ee54d3791bebce74c887840972776f97_64, 0566389b229447ecae230156aaba9240_0
ffa7e42c8b3c4c3278ed92a29ed9cf0e_0, 033be9ff3b61c6b63b87cdb54139cb09_0
eec5072bc93b7301c742df099e467a34_0, 075242a1f2e0bd7645aa094916e77662_0
1183fddd9ff9795e533b63d1a8adb2d9_3, 015a4f49f12e2415acdf29bbcb4a6c59_1
113032336b2c326d91786924917e034e_0, 0ba35fcbf5f2fb0b468124d002c9c630_0
ff40105455c08abe16015bd3b6c4fd20_0, 02a655ba2b7c0aa6334be0a99397f7b5_0
eee186d8d35c7e4e131720084e53c0cd_0, 0cfa40d52aeac25c10b92744e08497d2_0
ff8393dbd5d80b171fd95d0b46f3bad0_0, ndtv_47_00548.html
ff00df830359263d9497b617e52372a4_30, 03316b9b82ee58b565e2888f981f0a41_10
117fd1caffcc83f5bae26d905e573e65_0, 0ab8a06273ba0c4e05711adc1fa963e1_0
1183fddd9ff9795e533b63d1a8adb2d9_179, 015a4f49f12e2415acdf29bbcb4a6c59_1
1183fddd9ff9795e533b63d1a8adb2d9_1979, 072a779f741087ffaf469b2399c3b04e_0
ffb79a558677c89b4e0eb8c76e35dc5d_36, 08931e8faaedb1c79d9da52ae763ceda_0
ee6677fe5fa9ea7ca618316e4a852c0f_1, http_^^www.bema.com
ee57aa2a9e921712b9528f9737df2acd_0, 09e0ab997dbb414af95b99726f445a13_0
118751c3a6be617d7406b9ef88b515e5_0, 0a09c68e4afa3f0de87300d034cd9ebf_0
ff679274ee7c42571da0b8aa4570b906_0, firstpost_952387_15102.html
116b405ed9d79349f90acb2c0606c76a_0, 0a01c77f54554b3a90f642620902ba9d_0
ffe27873397d73930403ec7fc5e43313_0, 04ced0658acbd21bd1a9d537b07979fd_0
1183fddd9ff9795e533b63d1a8adb2d9_1534, 0a49b341c3e3a6ece6cf3695e7e27107_0
ff0a27c77de64b731df36ab7ced32fb3_0, 009c89800e6e93170b9a47d922a21d39_0
1183fddd9ff9795e533b63d1a8adb2d9_879, 00860e320c0b06890be4fb954e76b0cb_0
1183fddd9ff9795e533b63d1a8adb2d9_1489, 019eb275ed9bf444b1e65156f7e8f3ee_0
ffb3dbba03cbf2fa71f1dc278bf4a642_8, 02586c6729efb283df6d868bbca95795_0
1183fddd9ff9795e533b63d1a8adb2d9_1620, 015a4f49f12e2415acdf29bbcb4a6c59_1
ffb269d5cc9ed66e6bed9dd4d31cab80_2, 0d420e012bf962461d7907bc48dd0bad_0
1183fddd9ff9795e533b63d1a8adb2d9_224, 015a4f49f12e2415acdf29bbcb4a6c59_1
ff8885c077986911029c50b92eb3af50_2, 05c2c6cf3fb4ebe968583d65c0791922_19
1183fddd9ff9795e533b63d1a8adb2d9_2570, 072a779f741087ffaf469b2399c3b04e_0
11fa51d67a49cab00c7e031b67cbae73_2, 017c1a6ab56bc513909aaee344e2e150_1
ff99951281f6123a08f610028c2d27d0_11, http_^^www.dbc.com^sigonline^
11cd4075cd7c2c02465b261d202eb425_0, thehindu_article2979624_08216.ece
1183fddd9ff9795e533b63d1a8adb2d9_1282, 015a4f49f12e2415acdf29bbcb4a6c59_1
ffb79a558677c89b4e0eb8c76e35dc5d_46, 08931e8faaedb1c79d9da52ae763ceda_0
1183fddd9ff9795e533b63d1a8adb2d9_596, 0a49b341c3e3a6ece6cf3695e7e27107_0
1180d41b7f0609d704b7e373d2cb6d9a_3, 0e7f34d332d3479855d01cf2a52f288c_10
11b7ec0868e79ca481e83ae29124e6bc_0, http_^^www.qrsi.com^job^
1183fddd9ff9795e533b63d1a8adb2d9_1085, 015a4f49f12e2415acdf29bbcb4a6c59_1
11826647e6b010cb0a8674cf1dba441b_0, 0b84536c29716d7b1950cd305a74a341_0
1183fddd9ff9795e533b63d1a8adb2d9_2016, 072a779f741087ffaf469b2399c3b04e_0
eeeccced088a7021f843371033c4b99b_0, 03c28d3ba0551042cc937dfe3e16bd6d_0
ff84aa3fc7da0c61ab26dbbd4d4a4a02_0, 073e8bb22546ec4a36c5d07177f35b05_0
eeffdbb9f19ea08013f0c5af2964a1cc_0, thehindu_article2980333_07823.ece
117e3b5bb7b7a24e2065fdbc5bfc9e2d_0, 056ac249b003059dac5f7223c2df1693_0
1183fddd9ff9795e533b63d1a8adb2d9_2725, 072a779f741087ffaf469b2399c3b04e_0
ffecdb99b275a37a10b5ac7d0ae71227_0, 088274b826d553048b5cf206f2a9b93d_0
eec31f8f5e7bf5bcbced8af193c61d4b_1, 0de5f6a87357ce3c3f4983c0a984ab37_0
11165d66c56cf845425875c79a167b23_6, 073e8bb22546ec4a36c5d07177f35b05_0
11b014956e996d0624c1deb2bad68b43_0, http_^^www.tmrc.com^guest.html
ffb3dbba03cbf2fa71f1dc278bf4a642_4, 02586c6729efb283df6d868bbca95795_0
ff82182d1e744fec093259c0132765e5_0, 047d54e9dc15504f99accecbd9094aca_1
1183fddd9ff9795e533b63d1a8adb2d9_1599, 0a49b341c3e3a6ece6cf3695e7e27107_0
ff110e9b22ee3c7575f4e4ae26563594_54, 037bd8ade680621feb428eb8fd0a5969_3
11b347274d1d99c5516cd9efc574c5d2_3, http_^^www.wdc.com^products^drives^where2buy.html
1183fddd9ff9795e533b63d1a8adb2d9_1813, 00860e320c0b06890be4fb954e76b0cb_0
ee7e7ebf0bad10c16e4b870346e4bdcc_0, 01a296d82cbb852b15bd1b6c8c21712e_0
1183fddd9ff9795e533b63d1a8adb2d9_1683, 072a779f741087ffaf469b2399c3b04e_0
1183fddd9ff9795e533b63d1a8adb2d9_1312, 072a779f741087ffaf469b2399c3b04e_0
1183fddd9ff9795e533b63d1a8adb2d9_2705, 0a49b341c3e3a6ece6cf3695e7e27107_0
1183fddd9ff9795e533b63d1a8adb2d9_1093, 015a4f49f12e2415acdf29bbcb4a6c59_1
1183fddd9ff9795e533b63d1a8adb2d9_609, 06eaaeceb8207e3c6e7994277556d4e2_0
fffd57a068c5698e6950dde100b01c5c_0, 0795c571332788635aecdbbd86c4c1c2_0
ff46617cab6ee57d88a7f48104be89b7_0, 0fd54a9b7a562b1a2413e34c25b1a084_0
ffb52ccce54b5530a3d78913deb94dd9_0, 02bfc623c49caf164e73a234530aab44_0
1152532cec47be9e7d6fcd81c57b734b_0, http_^^www.nwa.com^travel^index.html
1183fddd9ff9795e533b63d1a8adb2d9_2031, 00860e320c0b06890be4fb954e76b0cb_0
1183fddd9ff9795e533b63d1a8adb2d9_1144, 00860e320c0b06890be4fb954e76b0cb_0
ee157ec77b1b271d70829b475ba46989_0, 06875a69bb17f40eb838076a3abe3cde_0
1183fddd9ff9795e533b63d1a8adb2d9_2172, 072a779f741087ffaf469b2399c3b04e_0
1183fddd9ff9795e533b63d1a8adb2d9_1633, 015a4f49f12e2415acdf29bbcb4a6c59_1
1183fddd9ff9795e533b63d1a8adb2d9_585, 015a4f49f12e2415acdf29bbcb4a6c59_1
fffe7e890ccf6bf7692a33781d2e7c5d_0, 05b97bae8a986cc36f3073ccda5a2ed9_0
1183fddd9ff9795e533b63d1a8adb2d9_2077, 0aec5c19d5c42a7d2fb79e42a4954c9c_0
11e8a28ad1d841a3a1012b77a4de1f76_0, 095369494952eb5e04134ca785d02a19_0
eea16fe05092882ab8d70628071f663e_0, 0d98ea66189d1088443978eb78ec7aaa_0
1113c5ed3c1c2df867f3411e61b2c106_0, 0801c7cabe8c71e89f305923a37225c7_0
1183fddd9ff9795e533b63d1a8adb2d9_1989, 00860e320c0b06890be4fb954e76b0cb_0
11165d66c56cf845425875c79a167b23_9, 073e8bb22546ec4a36c5d07177f35b05_0
eec31f8f5e7bf5bcbced8af193c61d4b_0, 06362bfab7cac33fb4d51dc33bf086b9_0
ff1deef893e3a074bcc1e6854d88883c_0, 00d8d30768a899b8e4368483617cfc6d_139
1183fddd9ff9795e533b63d1a8adb2d9_2223, 015a4f49f12e2415acdf29bbcb4a6c59_2
1183fddd9ff9795e533b63d1a8adb2d9_2514, 06eaaeceb8207e3c6e7994277556d4e2_0
ff1a424df8885f330920935ba7f63c2d_0, 08af3117260902d5337c52b7578b5536_0
ff9d159790625620f8fefa3f2d77afbe_0, 0430a4bba4873d9a594ea3ea93aab443_0
1183fddd9ff9795e533b63d1a8adb2d9_741, 0207eefdb4e598c2d7aceeb7af345428_0
1183fddd9ff9795e533b63d1a8adb2d9_1056, 019eb275ed9bf444b1e65156f7e8f3ee_0
ee42ec31f3305b8cc94719ebfabeb0be_0, 01fb5866d82c9b226b450d9978b198fd_0
fff718969888c47ca55e0aa475dbb86f_0, 042dcf9dd61d354cf4f5e573285345d6_0
eeff14c7b16b39c71e299e22e4fe5b3d_0, 00cf269bf530b96e45022de589578665_0
1183fddd9ff9795e533b63d1a8adb2d9_2256, 00860e320c0b06890be4fb954e76b0cb_0
1183fddd9ff9795e533b63d1a8adb2d9_996, 00860e320c0b06890be4fb954e76b0cb_0
1183fddd9ff9795e533b63d1a8adb2d9_1178, 019eb275ed9bf444b1e65156f7e8f3ee_0
ff751bf9d375d28cfc6fd5d9e59eb564_1, 0b71696dbb107093752a00ae7a55e326_1
1183fddd9ff9795e533b63d1a8adb2d9_1425, 072a779f741087ffaf469b2399c3b04e_0
1183fddd9ff9795e533b63d1a8adb2d9_2727, 00860e320c0b06890be4fb954e76b0cb_0
1183fddd9ff9795e533b63d1a8adb2d9_2226, 0a49b341c3e3a6ece6cf3695e7e27107_0
1183fddd9ff9795e533b63d1a8adb2d9_773, 0a49b341c3e3a6ece6cf3695e7e27107_0
11be1389c49ada00f92def4e503ab55e_0, ndtv_201_04268.html
11860a87df6c49ff3f483da9c61452d8_0, 035bf281df2894bd0d1310c54b29ccf8_0
ee8ca6507cef5f4a1128dfee0aaddee5_1, 0e9dc217a493c17594831b547b1fbfce_0
ff25fb8e61e949849228c5c64a0db4d8_0, firstpost_1276137_14633.html
ee453532c9316c29ab85172da182dd9e_10, 0af54285a9ef003750b56201b560cde2_0
eebb4af0f1255e959640ccabd778c7bf_0, 07b52461aa6c6497c6766989ed6184bb_0
1183fddd9ff9795e533b63d1a8adb2d9_1228, 015a4f49f12e2415acdf29bbcb4a6c59_1
115ab15c1d50739e6fd6e58de4755a11_0, 0ff00a41f34c8e6e09d42544c556a118_0
1164d10fee3302f8dd097fef49d6ad8a_0, 0e851ab997c5926d4ec337c034aefe75_0
ff0a0e217226494622f31b650b30cf3d_0, 0ce54acc3c4b0286d5b20554ef38b663_0
ffb79a558677c89b4e0eb8c76e35dc5d_102, 01507b1f63b79e6f78896258dbdd1036_1
1183fddd9ff9795e533b63d1a8adb2d9_1838, 072a779f741087ffaf469b2399c3b04e_0
11adc883d3ead36788aeb8aa63cdf3be_0, firstpost_925029_15530.html
ff99951281f6123a08f610028c2d27d0_21, http_^^www.dbc.com^sigonline^
1183fddd9ff9795e533b63d1a8adb2d9_1190, 072a779f741087ffaf469b2399c3b04e_0
ff423a5ccae4dfab9d2b2f46c181402d_0, http_^^www.ciprico.com^
11193d7d88991080658bbd2897a76ca0_5, 08145cee192bcd19ee7f6f105d93f33b_3
1183fddd9ff9795e533b63d1a8adb2d9_216, 00860e320c0b06890be4fb954e76b0cb_0
1183fddd9ff9795e533b63d1a8adb2d9_2380, 072a779f741087ffaf469b2399c3b04e_0
ff751bf9d375d28cfc6fd5d9e59eb564_4, 0b71696dbb107093752a00ae7a55e326_0
1183fddd9ff9795e533b63d1a8adb2d9_112, 072a779f741087ffaf469b2399c3b04e_0
1183fddd9ff9795e533b63d1a8adb2d9_1650, 015a4f49f12e2415acdf29bbcb4a6c59_1
1118274e78b9331540b316605fd02dd3_0, 02b8cd3cae9e202f425e1379d1104338_0
ff7415db2ed961a0484689f0926cd258_4, 05184adca041400235a0a370c13331b7_0
1183fddd9ff9795e533b63d1a8adb2d9_2560, 00860e320c0b06890be4fb954e76b0cb_0
ff9050d1a0867cc1b814e52318f55140_0, 0d96cebcca83a3febe1c0d41413ba758_0
1183fddd9ff9795e533b63d1a8adb2d9_2100, 015a4f49f12e2415acdf29bbcb4a6c59_1
ee453532c9316c29ab85172da182dd9e_8, 0af54285a9ef003750b56201b560cde2_0
114f62a4dacd07510b22fc9bce25accd_0, 07a7b59dec06b917a700dd6c6d14b84b_0
fff052746ea5f3b3ea0590c1151fd196_2, 073e8bb22546ec4a36c5d07177f35b05_0
1183fddd9ff9795e533b63d1a8adb2d9_1510, 015a4f49f12e2415acdf29bbcb4a6c59_1
ff99951281f6123a08f610028c2d27d0_17, http_^^www.dbc.com^sigonline^
1183fddd9ff9795e533b63d1a8adb2d9_2680, 015a4f49f12e2415acdf29bbcb4a6c59_1
1183fddd9ff9795e533b63d1a8adb2d9_944, 0f6a0212204db7f4608d90866dbbda0c_0
ee30ae494f5f67e2fc8969a999bf21c6_21, 0db762aba96b99de024a9fb2796bf2b8_116
1183fddd9ff9795e533b63d1a8adb2d9_283, 015a4f49f12e2415acdf29bbcb4a6c59_1
eea16fe05092882ab8d70628071f663e_11, 01637cde6cf2f459db96794bc0059ff2_8
1183fddd9ff9795e533b63d1a8adb2d9_208, 0f6a0212204db7f4608d90866dbbda0c_0
11f71a05c64d92ba4201e39961f29ebb_0, 0e669b84376fd4559eedac6fc6794690_0
ee54d3791bebce74c887840972776f97_105, 0566389b229447ecae230156aaba9240_0
ff751bf9d375d28cfc6fd5d9e59eb564_6, 0b71696dbb107093752a00ae7a55e326_1
1183fddd9ff9795e533b63d1a8adb2d9_1059, 015a4f49f12e2415acdf29bbcb4a6c59_1
1183fddd9ff9795e533b63d1a8adb2d9_1535, 0aec5c19d5c42a7d2fb79e42a4954c9c_0
117a12320cd6b2b6618212223b7059c3_0, 0027155de6070713e6ba81559a53d3ef_0
11ed440ed74320ee35219502474ed517_0, 08f755e921084b86c4352731606cb265_0
1183fddd9ff9795e533b63d1a8adb2d9_1873, 00860e320c0b06890be4fb954e76b0cb_0
ff4eee85b41d01e4679af45e134f9398_0, 0788cce536433041284eb3f79ef8506f_0
11a0ccb1a3c876d26e4c2d4cabec12ea_0.html, http_^^www.nu.com^partners^commun.htm
ff28a0f36018ee7ce40a74b8558a3bca_0, 0e0ec1f4f40634839e3508d9f4f74228_0
1183fddd9ff9795e533b63d1a8adb2d9_151, 00860e320c0b06890be4fb954e76b0cb_0
1183fddd9ff9795e533b63d1a8adb2d9_156, 072a779f741087ffaf469b2399c3b04e_0
ee4f4ad3e299bcf77a444dc26e80087e_0, 0992e330cf96d7aa1ace1a8da2c08785_0
ff439e7730a974a39aab703c3dbb5b8c_1, http_^^www.zonic.com^COMPANY.HTM
1183fddd9ff9795e533b63d1a8adb2d9_2444, 00860e320c0b06890be4fb954e76b0cb_0
11f1234e1b148fc81f3ba0e6f41da94e_0, 02c734aa04e8c731cbe43ffebdb59c67_0
ee8f407ff799691b6e6a9156985cc38e_0, 0c6bed94d936e92d5e9f02a24abc5045_0
1183fddd9ff9795e533b63d1a8adb2d9_512, 0207eefdb4e598c2d7aceeb7af345428_0
1183fddd9ff9795e533b63d1a8adb2d9_1004, 00860e320c0b06890be4fb954e76b0cb_0
1111b19bc3d687ca2ad3a73f2ba62baa_7, 005bd118ad96ccf0db3896d8cb9db51d_0
ff8885c077986911029c50b92eb3af50_1, 05c2c6cf3fb4ebe968583d65c0791922_19
ff6b88b36544d103e042de1fe942f425_0, 0f2a1a97c26295640279a980d39cf3ec_0
eecf8c4a35f84c10788768941386b871_0, http_^^www.creditdepot.com
ff6b39a3d97b63c5299a8e3f59ca1cb2_0, 03a4a13d75eadd45c2cef865893e4a30_0
1183fddd9ff9795e533b63d1a8adb2d9_2611, 015a4f49f12e2415acdf29bbcb4a6c59_1
11dc93989e0fed1b2c197c28e8765f46_0, 0d7b8b0a2689581c683d785e6a63481c_0
ee855948b27adbb1b217ad60aab30872_0, 06a95543aa90334ef5cada1150ace521_0
ff165d52ea856d0779410db2eb5b0d4e_0, http_^^www.bms.com^talk.htm
ffbfdb1833a51d9aa94a492e8ac4478a_0, 0027155de6070713e6ba81559a53d3ef_0
1183fddd9ff9795e533b63d1a8adb2d9_769, 00860e320c0b06890be4fb954e76b0cb_0
1183fddd9ff9795e533b63d1a8adb2d9_2616, 00860e320c0b06890be4fb954e76b0cb_0
ffc83003b86450b21ee9c0f51fc4f791_9, 0f94de9d9dc1df9d30d0e5a538d51d96_10
1183fddd9ff9795e533b63d1a8adb2d9_5, 015a4f49f12e2415acdf29bbcb4a6c59_1
1183fddd9ff9795e533b63d1a8adb2d9_513, 015a4f49f12e2415acdf29bbcb4a6c59_1
1183fddd9ff9795e533b63d1a8adb2d9_1389, 072a779f741087ffaf469b2399c3b04e_0
1183fddd9ff9795e533b63d1a8adb2d9_1965, 072a779f741087ffaf469b2399c3b04e_0
ff0862a480045cdcc6898a1f8bebc87e_0, 042dcf9dd61d354cf4f5e573285345d6_0
ee69f031678a0fbf0eabd4fa3dd27d0c_0, 0042383325c6ea5cd948ac0e8f890988_0
11833c8eed354b384e5f57bdf06878b1_0, 04ef1067226bce82a56e5aaba72f002a_0
1183fddd9ff9795e533b63d1a8adb2d9_2552, 015a4f49f12e2415acdf29bbcb4a6c59_1
ff83957ca832bd00bc830a23cd37b325_2, 032a62b0f5586551c59230ae8e944561_0
ffb1a1c43d877657f36416f8fe4e06c4_0, 0d26739f0081e82fb7e8cf3e28bb67d4_0
ff362d9f50b5c8a92be8a56bfa355c56_0, 0a68eedff71721abd43f61af722a6141_0
1183fddd9ff9795e533b63d1a8adb2d9_559, 00860e320c0b06890be4fb954e76b0cb_0
11d382815d047f46acc2d44e1e5c8b68_0, 0cf0d216be83b617ac49381eb981af85_0
eec08127ae3537dcbda47d490e968173_0, 001d89a238ab4929c8673ed8b3f36714_0
ff3eb574c609bf17d5e132859101b4c3_0, 08f4020cdfc1dc381cfd3029a6647439_0
ffd8ce084fdc41a1b6ed1c8365570dbb_0, 03e1663a0590b628458ff2335ed2900f_1
ee79cd8c153454b53f7108e110d5a4fd_0, 02b1a82b19bb1edcc80a455aeda2b983_0
1183fddd9ff9795e533b63d1a8adb2d9_912, 00860e320c0b06890be4fb954e76b0cb_0
1183fddd9ff9795e533b63d1a8adb2d9_1781, 00860e320c0b06890be4fb954e76b0cb_0
1119a5f5803cdb19db95828a1f3e59d5_0, 066bccbd3a1be7db15f436a29b1552c8_0
ffb79a558677c89b4e0eb8c76e35dc5d_19, 08931e8faaedb1c79d9da52ae763ceda_0
ee7405bad02b81633d66138e69aa0ba9_3, 08a6a501f4df6eec611fad5e3428cf0e_2
ffb79a558677c89b4e0eb8c76e35dc5d_32, 02413502f213b85b14aa37a506fb3b6f_0
ff6a48e82ace4c562799ce919d9115a0_0, http_^^www.millipore.com^micro^hyperfilter^
11fc6fdb4b603f1b8ca99a38f4453f75_0, 05422f0e3c566f5abe12362fcf33355e_0
1183fddd9ff9795e533b63d1a8adb2d9_2086, 072a779f741087ffaf469b2399c3b04e_0
ff494ef038fd0e99aad615e27726aa23_0, 03ec306033b14212ac5d867daeb0eb07_0
116a48aa607458a7a0e6118bbcaf5671_0, 0f27ef6d5d252730de018d05551df8c3_0
1183fddd9ff9795e533b63d1a8adb2d9_1558, 015a4f49f12e2415acdf29bbcb4a6c59_1
11043e9ad7a2e018afee1ab4caed7066_0, http_^^www.ucm.com^ucm^info^whatsnew.htm
ffa73bc455545d4c84eb19289bb5ed50_0, 0cd18e147e5a3e3ad1b3cb079e8b3ad9_0
ff20ad2481f97b1754ef3e12ecd3a9cc_19, 04ec5562b1208621b48bac813742fe4a_0
ff1942fb758bbcc8dd486b4b1cddf17a_0, 02c56b0b63d0ac27748aae73ac80badc_0
ee54d3791bebce74c887840972776f97_88, 0566389b229447ecae230156aaba9240_0
1183fddd9ff9795e533b63d1a8adb2d9_1226, 00860e320c0b06890be4fb954e76b0cb_0
1100a8a7ff77933dad66a5630ac92dcc_0, 0e07267cb595f682f94f1eb1a0cd6e34_0
ee4e268ad63fbf1c50590fb00429279f_0, 0b166276fe28c98416020b086d3af89a_0
1183fddd9ff9795e533b63d1a8adb2d9_1544, 072a779f741087ffaf469b2399c3b04e_0
1183fddd9ff9795e533b63d1a8adb2d9_416, 015a4f49f12e2415acdf29bbcb4a6c59_2
1183fddd9ff9795e533b63d1a8adb2d9_128, 015a4f49f12e2415acdf29bbcb4a6c59_1
1183fddd9ff9795e533b63d1a8adb2d9_1556, 015a4f49f12e2415acdf29bbcb4a6c59_1
fff16bd4be54c87de2a8cf01cce568fa_0, 03fd789363cd1d3ff94039c846b1292f_0
ff97390d171712539d5d7ee085ed4674_1, 004386339406308008e635ca763317a4_0
ffeb14e569961868f5ec5b354a1b3f0f_0, 08dc4f26d17ac2580f8c84bd99595c5f_1
1183fddd9ff9795e533b63d1a8adb2d9_1651, 00860e320c0b06890be4fb954e76b0cb_0
11b7e58d291e31dd2096190941c5a02f_0, 08b85052a7f1d7090d55957159691aa7_0
11d4187341515e366f0166c1e51c4e47_0, 04e953bed3b28b84a07b46cf40e593b2_0
ffb79a558677c89b4e0eb8c76e35dc5d_1, 0e6acf07ab69dc46560274c60459c496_0
ee3e9550a70abe19718ecf3b46ff7b4e_0, http_^^www.calwater.com^other_sites.stm
1183fddd9ff9795e533b63d1a8adb2d9_1254, 015a4f49f12e2415acdf29bbcb4a6c59_1
ee1cc6b69965f0f9690fb4ff484811cd_0, 0d0fb69cdb45f8f80dedb313179ed0d5_0
1183fddd9ff9795e533b63d1a8adb2d9_2624, 00860e320c0b06890be4fb954e76b0cb_0
ff61e615bc86019b325c8d9b63d109ed_0, 00a3ea0d1313ef95ba839d853937f9a8_0
1183fddd9ff9795e533b63d1a8adb2d9_71, 015a4f49f12e2415acdf29bbcb4a6c59_1
ffdf381baeb66bc2aa37a54a63279988_0, 0d2bf47dfd057f585d63aae05be127ef_0
eeb7ff6806b539dd70edaac80a2e49af_0, 0437a496d721525e6ae16761c455a258_0
1167f6e96f9297bb4c528be13b32375e_0, http_^^www.pacificbank.com^wealth.html
1183fddd9ff9795e533b63d1a8adb2d9_759, 015a4f49f12e2415acdf29bbcb4a6c59_1
ff687e2cd8bc01d1f9e0577a71c390be_0, 0b42c70201475ce73322d8b030927e64_0
1183fddd9ff9795e533b63d1a8adb2d9_2615, 015a4f49f12e2415acdf29bbcb4a6c59_1
ee538399faf885d4e76b3b6247c67672_0, 0dbd2b255beebec02c7fd6d599acac37_0
ee1c39d330d76a3cb9b1d34724aa92aa_0, 057395600e2d26bed0e505113cd29ad6_0
ff9be5dac4f03f0dd52a88a3b596a866_4, 07083bcb411e11a963a4a1b5169540be_0
1183fddd9ff9795e533b63d1a8adb2d9_420, 072a779f741087ffaf469b2399c3b04e_0
ff12597604aaf71fb4caade4505dd2a6_0, 0f43fe2926ead2279d15c5059c20a9c8_0
11368be1393bb1a9b767f061ca74a01a_0, 0d2fa4b2f3849e283a00eac8691cdb48_0
ff1d82d050cf939e8ac2e1e5d64d0b7c_0, 049c4e95d0798d19b49e5eaccd3d4556_0
1183fddd9ff9795e533b63d1a8adb2d9_2104, 00860e320c0b06890be4fb954e76b0cb_0
ff1a4ecbae9232c9516799fe12ebf30f_0, 08f5616a42171f5409674aa2a8930b2a_0
1183fddd9ff9795e533b63d1a8adb2d9_675, 00860e320c0b06890be4fb954e76b0cb_0
1183fddd9ff9795e533b63d1a8adb2d9_1082, 019eb275ed9bf444b1e65156f7e8f3ee_0
11b2138433be73e24ccdf2389d4f2454_0, 001afdc2371971c000835d7654bdebc5_0
1183fddd9ff9795e533b63d1a8adb2d9_1351, 00860e320c0b06890be4fb954e76b0cb_0
ee54d3791bebce74c887840972776f97_78, 0566389b229447ecae230156aaba9240_0
ff7d845d4439c2e460f487b9b94e8517_0, http_^^www.fedone.com^inforequest.html
1183fddd9ff9795e533b63d1a8adb2d9_1262, 00860e320c0b06890be4fb954e76b0cb_0
ee16340209cf7c95f290e00c36d92b31_0, 0724d3067882c3f333343e0c195259ed_0
1183fddd9ff9795e533b63d1a8adb2d9_2413, 015a4f49f12e2415acdf29bbcb4a6c59_1
ffa02047fb0b7fd5608fe670340da576_0, 0d0d6dd5f039e31734b0ccc8adbcc35b_0
1183fddd9ff9795e533b63d1a8adb2d9_599, 072a779f741087ffaf469b2399c3b04e_0
ffbc3e9386fa96ff243743e661f3c38e_0, http_^^www.johnsonandjohnson.com^cgi-bin^news_finance
111391c1add7881f2c5cc0178177e878_0, 00c16bb3d196d614b62b469a1c6b81a2_0
1177ee1be916cc2bd17fac39007c28bf_0, 003b9aa2031294a7f0c2a6bd2cf3fe02_0
ee1c7a8c4780f0b51a6698bac4998a93_0, http_^^www.alumaxnet.com^index.htm
11193d7d88991080658bbd2897a76ca0_3, http_^^www.bullruncorp.com^revenue.html
ee54d3791bebce74c887840972776f97_1, 0566389b229447ecae230156aaba9240_0
1183fddd9ff9795e533b63d1a8adb2d9_1373, 0207eefdb4e598c2d7aceeb7af345428_0
115933fdf714f71166359b2416539c29_0, http_^^www.unitedwater.com^indiana.htm
1183fddd9ff9795e533b63d1a8adb2d9_2556, 00860e320c0b06890be4fb954e76b0cb_0
11d7230cae3a91a92f62e3cbd97153e5_0, firstpost_950603_15876.html
113bcfc66569a73afa4c2962086fd718_0, 0dce8483afaef6e351592f350479e21b_0
1197bf4fb3035027a036277c7cbd9cdf_3, 02171fcec9f370664a1a44909b9143d9_0
eefa058f13744d89944d56e8ae86c54a_1, 01d42a90da00824b1cf6675fae22f565_0
ff212f7fbd4c4caa1656cb8ff29c9aca_0, 0748688394e6d789dde6954198609ac1_0
1183fddd9ff9795e533b63d1a8adb2d9_1372, 072a779f741087ffaf469b2399c3b04e_0
ffda1ffc8032f933e625da76ca8ca248_0, 0d87fdcc3c36d90146584cfc08bbb3be_0
1183fddd9ff9795e533b63d1a8adb2d9_130, 00860e320c0b06890be4fb954e76b0cb_0
eef00d57851c14b7ec8d7a70f26efb96_0, 0823ceabf07e766c75ba09d729e9d8bc_0
11c6de620f06cedff4f063b9ad06273b_0, 064b6904ffda46c1fbeef76852a50218_0
ff994ce75ad3a78fc8e9031e7ce9bfca_0, 09cc566a61755531c1dc9a7b26d5851b_0
1183fddd9ff9795e533b63d1a8adb2d9_86, 015a4f49f12e2415acdf29bbcb4a6c59_1
11b3a4eaeb0d6970e335fff105e060de_0, 0d1e6165410631b7990842b7c8d8adea_0
1183fddd9ff9795e533b63d1a8adb2d9_391, 015a4f49f12e2415acdf29bbcb4a6c59_1
fff670155fbd4bd76dd99f388e71253a_0, 0178ce00c06a46acd147467680ebdcb2_9
1122326a01b3e2dcef22fd65529bbb33_0, http_^^www.3dchor.com^listserv.html
11ef37e4b739d2dded3e5d895308ef3b_0, 031b79dc444aab350ee2110fbc7269ab_4
ee9baab87bdc58a379cc791d00d6c085_3, 00f6e7d5f25288431d366bbf8a8ac0a5_11
eeb3c2ddc4e810f9083f33961dd3eb9a_0, 0a40b57a7bd9c8fbf0b6354e56d1f46b_0
113286bebd489283944165f9bff08e9e_26, 0bb6254b5803825885c47973fc90ce10_25
1183fddd9ff9795e533b63d1a8adb2d9_237, 015a4f49f12e2415acdf29bbcb4a6c59_1
ee30ae494f5f67e2fc8969a999bf21c6_10, 0db762aba96b99de024a9fb2796bf2b8_209
ff14dad85b99bab8356b7916d5020c86_10, 05da1d2c1455544bf552b1537fb0d243_3
111fb85d77f58d8a2d249e389543f3b0_0, 0279286a9fd0c31e7ba54623ef75c32f_0
1183fddd9ff9795e533b63d1a8adb2d9_1724, 00860e320c0b06890be4fb954e76b0cb_0
1183fddd9ff9795e533b63d1a8adb2d9_131, 015a4f49f12e2415acdf29bbcb4a6c59_1
1183fddd9ff9795e533b63d1a8adb2d9_623, 015a4f49f12e2415acdf29bbcb4a6c59_1
ff150ee11cc85451ca7aa7be9e6cb6df_0, 03a6fb016bc046e8583a089f6dcb65cd_0
ee8679d8c490ba2a446cc22427b24971_0, 03b12871a0f8854804947ea03a656244_0
1183fddd9ff9795e533b63d1a8adb2d9_1413, 015a4f49f12e2415acdf29bbcb4a6c59_1
ee04af6e9ec046bc7e325f11e0a34f3e_0, 041d1dac7ccb451bdebb90e90ae112f2_0
1183fddd9ff9795e533b63d1a8adb2d9_2625, 015a4f49f12e2415acdf29bbcb4a6c59_1
ee453532c9316c29ab85172da182dd9e_21, 0af54285a9ef003750b56201b560cde2_0
1183fddd9ff9795e533b63d1a8adb2d9_2303, 015a4f49f12e2415acdf29bbcb4a6c59_1
1183fddd9ff9795e533b63d1a8adb2d9_1166, 00860e320c0b06890be4fb954e76b0cb_0
ff20ad2481f97b1754ef3e12ecd3a9cc_8, http_^^www.tritonenergy.com
1183fddd9ff9795e533b63d1a8adb2d9_2542, 015a4f49f12e2415acdf29bbcb4a6c59_1
1183fddd9ff9795e533b63d1a8adb2d9_1808, 00860e320c0b06890be4fb954e76b0cb_0
ff375a7d1a707912f742010526cdf31d_0, http_^^www.compaq.com^newsroom^pr^pr171197a.html
1183fddd9ff9795e533b63d1a8adb2d9_2235, 015a4f49f12e2415acdf29bbcb4a6c59_1
1183fddd9ff9795e533b63d1a8adb2d9_1852, 06eaaeceb8207e3c6e7994277556d4e2_0
1183fddd9ff9795e533b63d1a8adb2d9_469, 015a4f49f12e2415acdf29bbcb4a6c59_1
1183fddd9ff9795e533b63d1a8adb2d9_2070, 00860e320c0b06890be4fb954e76b0cb_0
ff32059d4c83ecad7617163bb52e5093_0, 0472f7036e8165dfc50ef7cab2b29587_0
ee7e30048f0d102328d10b67e0e91f6e_0, 0300aa5a0ca41dcb8443e2d8d765e54f_2
1183fddd9ff9795e533b63d1a8adb2d9_2646, 072a779f741087ffaf469b2399c3b04e_0
1183fddd9ff9795e533b63d1a8adb2d9_939, 072a779f741087ffaf469b2399c3b04e_0
1183fddd9ff9795e533b63d1a8adb2d9_2126, 019eb275ed9bf444b1e65156f7e8f3ee_0
1183fddd9ff9795e533b63d1a8adb2d9_1770, 00860e320c0b06890be4fb954e76b0cb_0
ffc9cd09bc2a4339e05690ac4a88d025_0, 0dddbeb49632becfe76bcc4532fe0441_0
1183fddd9ff9795e533b63d1a8adb2d9_943, 015a4f49f12e2415acdf29bbcb4a6c59_1
1183fddd9ff9795e533b63d1a8adb2d9_2606, 015a4f49f12e2415acdf29bbcb4a6c59_1
ffa5157344d74a6e72b2290b7c0eb587_0, 00a1f25254afd45c5fc05dad7b974ab2_0
11dee63b1a8ada3dbb5eeb9add3d6fb7_0, 0481ff2d71acb9ee2808d1cd75906b8d_0
1183fddd9ff9795e533b63d1a8adb2d9_1231, 015a4f49f12e2415acdf29bbcb4a6c59_1
1167089d7b4a36a52b198c2be6ab4045_0, firstpost_980607_15206.html
1183fddd9ff9795e533b63d1a8adb2d9_2745, 015a4f49f12e2415acdf29bbcb4a6c59_1
ffba038026af263ed9e683e17ddd47be_1, 005bd118ad96ccf0db3896d8cb9db51d_3
ee00488281522592faf0ff25553b91e6_2, 010c3990afc752e9bc27cc2a4913c149_0
1183fddd9ff9795e533b63d1a8adb2d9_661, 015a4f49f12e2415acdf29bbcb4a6c59_1
1183fddd9ff9795e533b63d1a8adb2d9_2093, 072a779f741087ffaf469b2399c3b04e_0
ee453532c9316c29ab85172da182dd9e_12, 0af54285a9ef003750b56201b560cde2_10
ff7505439d932548554c80164ecb2123_0, 062e5dc876ad747f969c346c4b1046a9_0
1183fddd9ff9795e533b63d1a8adb2d9_1062, 00860e320c0b06890be4fb954e76b0cb_0
1183fddd9ff9795e533b63d1a8adb2d9_2417, 015a4f49f12e2415acdf29bbcb4a6c59_1
1183fddd9ff9795e533b63d1a8adb2d9_116, 015a4f49f12e2415acdf29bbcb4a6c59_1
ee2452c1c9fa14fc77d02a4daf4a8a9e_1, 0d29690121bd0e2a316ec3c9caa9185d_0
ee54d3791bebce74c887840972776f97_59, http_^^www.eagleusa.com^archive^ns101996.html
1183fddd9ff9795e533b63d1a8adb2d9_475, 0f6a0212204db7f4608d90866dbbda0c_0
ee5f0172d5e6d6e897256cd108342af5_0, 0027155de6070713e6ba81559a53d3ef_0
115df0170c5cef15534159f089fcf731_0, 0e25f43bb3bd37c9e0b5a50827fec4bc_0
ff1659b06f8faad31408428817aac423_0, 02820a4f945aacc95e6cc98fde4d1669_0
1183fddd9ff9795e533b63d1a8adb2d9_718, 015a4f49f12e2415acdf29bbcb4a6c59_1
ff8e65f4876e37faa3b3bbbcd486058c_0, 0b5c5654dd2e383ebd17652808703cf2_0
1183fddd9ff9795e533b63d1a8adb2d9_2128, 019eb275ed9bf444b1e65156f7e8f3ee_0
1183fddd9ff9795e533b63d1a8adb2d9_913, 072a779f741087ffaf469b2399c3b04e_0
1183fddd9ff9795e533b63d1a8adb2d9_442, 00860e320c0b06890be4fb954e76b0cb_0
1183fddd9ff9795e533b63d1a8adb2d9_1007, 00860e320c0b06890be4fb954e76b0cb_0
ff569835ba19aefa6cf74301d5bdf880_0, 0c94e76c6f333523a6685fe0f5d4239b_0
ee4283d16bfa1bde3da52c7a440d3350_0, 0b63d32cb5ffd3e6460c82c3279880da_0
1183fddd9ff9795e533b63d1a8adb2d9_1363, 015a4f49f12e2415acdf29bbcb4a6c59_1
1183fddd9ff9795e533b63d1a8adb2d9_1843, 0f6a0212204db7f4608d90866dbbda0c_0
1183fddd9ff9795e533b63d1a8adb2d9_2163, 06eaaeceb8207e3c6e7994277556d4e2_0
ff20ad2481f97b1754ef3e12ecd3a9cc_5, http_^^www.gp.com^build^technical.html
ffc2ea76d4f2c3015cd8013f15ea9f25_0, 09074b13b8a90164695447a9b7e38377_0
ff8885c077986911029c50b92eb3af50_0, 05c2c6cf3fb4ebe968583d65c0791922_19
ee174cd96c6f4d2355de1fe3d35dbe7f_0, 0e4682d61c50b1608185f8699a1ece33_0
ffe82a98ed8ad5afcf3bd5aa635ca600_0, toi_28895595_11543.cms
1183fddd9ff9795e533b63d1a8adb2d9_2192, 015a4f49f12e2415acdf29bbcb4a6c59_1
1183fddd9ff9795e533b63d1a8adb2d9_1066, 0f6a0212204db7f4608d90866dbbda0c_0
1183fddd9ff9795e533b63d1a8adb2d9_1287, 015a4f49f12e2415acdf29bbcb4a6c59_1
ff3b85b223e477664eb7d9d7bfc7bd18_2, 010b463c42ae09a2edadd5351e9af850_0
eeed178f027fcafae8e7ba6beb4a00e7_0, 014da2993f250c2c22c8cef34d70829d_0
ee54d3791bebce74c887840972776f97_40, 0566389b229447ecae230156aaba9240_0
ff1e31f8d7bb62eed65a30fb3224d238_0, http_^^www.cel-sci.com^html^basics.htm
1183fddd9ff9795e533b63d1a8adb2d9_2105, 072a779f741087ffaf469b2399c3b04e_0
11c7d5bc989a0a98f40c0b1c74c829cd_0, 0ba58592e9a601d0000ed661fd794640_12
ff451aec9d464231590d3a8f2ab52c6f_0, 04dc29df4d00d794cea095821c775bcb_0
ffb79a558677c89b4e0eb8c76e35dc5d_124, 02df098d0bdd224b3d96a217aef9c648_0
1183fddd9ff9795e533b63d1a8adb2d9_269, 015a4f49f12e2415acdf29bbcb4a6c59_1
1183fddd9ff9795e533b63d1a8adb2d9_1357, 00860e320c0b06890be4fb954e76b0cb_0
11c20783c00bec3b3758b74debcb35fd_0, 09e0ab997dbb414af95b99726f445a13_0
ff110e9b22ee3c7575f4e4ae26563594_35, 037bd8ade680621feb428eb8fd0a5969_3
ee4bfbc97b80ab344380b7aaa1663b39_0, 06231b633e04fe92b54d5e9b858eeaa2_0
ff00df830359263d9497b617e52372a4_11, 03316b9b82ee58b565e2888f981f0a41_13
ff475f32d30501696d011825bc2864af_0, 03724063ff63fcade3036ef1ea61ee13_0
1183fddd9ff9795e533b63d1a8adb2d9_775, 0f6a0212204db7f4608d90866dbbda0c_0
ff0916dc66bd1cd92359b8be5b81fcab_0, 03f26de06ab2ceae7929a8f92a8baada_0
ffcc5292d3116d89c979b2722afbe74a_0, http_^^www.express-scripts.com^esi^corporate^jobs.asp
ffcade1584bc6c5cda49ae12bdbca9b8_0, firstpost_942523_16023.html
ff9213e5aa36cc0fbe7b949ac308ff0a_0, http_^^www.bankwest.com^story.htm
1183fddd9ff9795e533b63d1a8adb2d9_2281, 015a4f49f12e2415acdf29bbcb4a6c59_1
ff87cb8615c8b7004a93bbe4d6683b9a_1, 0f2fd49fbb76a7bb13c01f1641f46b0a_28
1183fddd9ff9795e533b63d1a8adb2d9_115, 015a4f49f12e2415acdf29bbcb4a6c59_1
fff052746ea5f3b3ea0590c1151fd196_4, 073e8bb22546ec4a36c5d07177f35b05_0
ffa12c7c1f8ecc90fad2467c2d1bef02_0, firstpost_1005605_17905.html
1183fddd9ff9795e533b63d1a8adb2d9_136, 015a4f49f12e2415acdf29bbcb4a6c59_1
1183fddd9ff9795e533b63d1a8adb2d9_517, 015a4f49f12e2415acdf29bbcb4a6c59_1
ff5aa5ddbc2411b72644020671972dcc_0, 01e09a5a915da2eeef47fd392e978497_0
ffacdd835d6dd8b8fbcdebec49707e7e_0, 04685f2fa336bde2a0d0db27f7a2650a_0
1183fddd9ff9795e533b63d1a8adb2d9_762, 06eaaeceb8207e3c6e7994277556d4e2_0
ff84bc5a7207a6d8602ab34c13a3eaaa_0, 0574de9f28a027f4a75d66c90bd192c0_0
1183fddd9ff9795e533b63d1a8adb2d9_973, 06eaaeceb8207e3c6e7994277556d4e2_0
1183fddd9ff9795e533b63d1a8adb2d9_2738, 00860e320c0b06890be4fb954e76b0cb_0
ee5f8bbc1f9aab3e6d26ff701f030489_0, 01451969210eb45e174de8335e3a4767_0
eee7c61eac7ae53d2d6e53aa86c03abc_0, 004803c8f6779929b18169d6bbed8f4d_0
1183fddd9ff9795e533b63d1a8adb2d9_1017, 00860e320c0b06890be4fb954e76b0cb_0
1183fddd9ff9795e533b63d1a8adb2d9_2153, 06eaaeceb8207e3c6e7994277556d4e2_0
ee7405bad02b81633d66138e69aa0ba9_0, 08a6a501f4df6eec611fad5e3428cf0e_2
1183fddd9ff9795e533b63d1a8adb2d9_2233, 015a4f49f12e2415acdf29bbcb4a6c59_1
1183fddd9ff9795e533b63d1a8adb2d9_1180, 019eb275ed9bf444b1e65156f7e8f3ee_0
1183fddd9ff9795e533b63d1a8adb2d9_2471, 00860e320c0b06890be4fb954e76b0cb_0
1183fddd9ff9795e533b63d1a8adb2d9_1528, 015a4f49f12e2415acdf29bbcb4a6c59_1
ee8d202937c66f411de9424f53cf1115_0, firstpost_955431_15294.html
ee51622c7433531accb37e756cba905c_0, 07c2b4f89eb46adb313d81e2391ca233_0
1183fddd9ff9795e533b63d1a8adb2d9_1455, 019eb275ed9bf444b1e65156f7e8f3ee_0
110e42e132bc44e9f2cf763571390db4_0, 030cbf450a616c330b43ca8c6df3a037_0
1183fddd9ff9795e533b63d1a8adb2d9_860, 072a779f741087ffaf469b2399c3b04e_0
1183fddd9ff9795e533b63d1a8adb2d9_990, 072a779f741087ffaf469b2399c3b04e_0
ee54d3791bebce74c887840972776f97_85, http_^^www.eagleusa.com^archive^ns101996.html
ee5c36e1ee5f4d887eecfdac959b6bfd_11, 044504cb8cd270c65dafb06a89a67dc8_0
ee5f5ee0b5c255c9b815d1234ed2a09b_0, 0d136d46c7862a78220a50c7ca605242_0
ee7fea273e72f83c37d707a83fbeac36_1, 00392993bd76c5b3ac1516ab0105a423_0
eea21e13587b04f5ea6beb2d3301996d_1, 091f5d16dbe7692bd2572dd12563b52b_0
1183fddd9ff9795e533b63d1a8adb2d9_2106, 072a779f741087ffaf469b2399c3b04e_0
ee2ef27afddd87a74c81bac45c9888f6_0, 00ac2b2b202c48a1fda0fdd4d0216968_0
ff00df830359263d9497b617e52372a4_32, 03316b9b82ee58b565e2888f981f0a41_10
113db6cb61e98c2f872e8eb157cb50ce_0, 074fccd0c75cee9e8f41a1445adf1677_0
1183fddd9ff9795e533b63d1a8adb2d9_2119, 072a779f741087ffaf469b2399c3b04e_0
1183fddd9ff9795e533b63d1a8adb2d9_1752, 015a4f49f12e2415acdf29bbcb4a6c59_1
113b6b7f1b05eef50d07e176dc3e58d6_0, ndtv_150_00633.html
1183fddd9ff9795e533b63d1a8adb2d9_1897, 00860e320c0b06890be4fb954e76b0cb_0
1183fddd9ff9795e533b63d1a8adb2d9_1689, 00860e320c0b06890be4fb954e76b0cb_0
ff238c58701c5b47b8ae8dda3008c903_0, 09ea75fb6f4ce76d74e67d322b3de431_0
11d789c5bbc504240f87a75ef92c4702_0, thehindu_article5636216_05391.ece
1183fddd9ff9795e533b63d1a8adb2d9_908, 015a4f49f12e2415acdf29bbcb4a6c59_1
1183fddd9ff9795e533b63d1a8adb2d9_2599, 015a4f49f12e2415acdf29bbcb4a6c59_1
ff16c85654fb8a6e058ebf8f56fac452_0, 0774101e1208c30b491a54b997e2fafe_0
114e3ed982e19354c7be8b9deec89c83_0, 00b773d9e4c8cb8b49add1b729ff8cad_0
ff00df830359263d9497b617e52372a4_15, 03316b9b82ee58b565e2888f981f0a41_10
1183fddd9ff9795e533b63d1a8adb2d9_1430, 015a4f49f12e2415acdf29bbcb4a6c59_1
ffb79a558677c89b4e0eb8c76e35dc5d_55, 01507b1f63b79e6f78896258dbdd1036_1
1102ab44bfb64b240d5332beada01b24_0, 09cc566a61755531c1dc9a7b26d5851b_0
ff00df830359263d9497b617e52372a4_38, 03316b9b82ee58b565e2888f981f0a41_2
ffd0dc42271c9a49dcacd260a0f4d1f3_0, http_^^www.artesianwater.com^order_form.htm
1183fddd9ff9795e533b63d1a8adb2d9_42, 0a49b341c3e3a6ece6cf3695e7e27107_0
ee630bb45d9b6f8c7e1d4dc8a454a026_11, http_^^www.3dchor.com^pressrel.html
1183fddd9ff9795e533b63d1a8adb2d9_1893, 00860e320c0b06890be4fb954e76b0cb_0
1183fddd9ff9795e533b63d1a8adb2d9_2378, 015a4f49f12e2415acdf29bbcb4a6c59_1
1183fddd9ff9795e533b63d1a8adb2d9_1300, 0a49b341c3e3a6ece6cf3695e7e27107_0
ee67385a19cdfb6f506c1c4ad647723f_0, 0e3882463f3d8df6158901e3cac39a4b_0
1183fddd9ff9795e533b63d1a8adb2d9_666, 015a4f49f12e2415acdf29bbcb4a6c59_1
11d83149449b2d87ef435f0b7c47c01c_0, toi_38285885_13813.cms
ff5976383fd537693da831d36680f264_0, 0df3b318194b216abe417614c501a134_4
ee30ae494f5f67e2fc8969a999bf21c6_0, 0db762aba96b99de024a9fb2796bf2b8_172
113e1f05fca5e87150484ba6d0f60e3a_0, 014e629730e96f3cc196e585325e1661_0
1183fddd9ff9795e533b63d1a8adb2d9_1386, 00860e320c0b06890be4fb954e76b0cb_0
1183fddd9ff9795e533b63d1a8adb2d9_375, 072a779f741087ffaf469b2399c3b04e_0
ff5287facf5508a722a92b556cc23369_0, 0012b38863f0d5a31ba39aa5f48203fd_0
1183fddd9ff9795e533b63d1a8adb2d9_312, 015a4f49f12e2415acdf29bbcb4a6c59_1
ffb3dbba03cbf2fa71f1dc278bf4a642_17, 02586c6729efb283df6d868bbca95795_11
117a5c63b357c914c8324682f1623185_0, toi_28935381_11731.cms
1183fddd9ff9795e533b63d1a8adb2d9_257, 015a4f49f12e2415acdf29bbcb4a6c59_1
110c8c856e11aa2dc33754c9f7ae9179_10, http_^^www.timken.com^research^index.html
ee84198fea5729588efb39edbfac5bef_0, 07d0e6ad79d25ee7da03be6bc4da9532_0
ff3b85b223e477664eb7d9d7bfc7bd18_4, 010b463c42ae09a2edadd5351e9af850_0
ffd586bbdbf10a0791baba6fbf8a7029_0, 00d8d30768a899b8e4368483617cfc6d_139
ffb79a558677c89b4e0eb8c76e35dc5d_58, 08931e8faaedb1c79d9da52ae763ceda_0
ff4d8d5db94e330b3d66cb2094d81994_0, 04647dd869223c06e6f61f57e9b024d2_0
1183fddd9ff9795e533b63d1a8adb2d9_1332, 072a779f741087ffaf469b2399c3b04e_0
ee6957f6395e6b20f5a3927a8bbf97bc_0, 09fdba14cd9dc1fe20b5e95d269c45bc_0
ee70b95fa6a1bf4b15668a5073903b6c_0, 0feeb370dcfff017792461a642fe8237_0
1183fddd9ff9795e533b63d1a8adb2d9_703, 0a49b341c3e3a6ece6cf3695e7e27107_0
112eaeca661c5192fb3f34eb2446c693_0, 0b81ed9fc2b4ee9e5f12c732b7d215fa_0
1183fddd9ff9795e533b63d1a8adb2d9_706, 00860e320c0b06890be4fb954e76b0cb_0
112cc1c638afe1f7c3e77e75dcd30b1b_10, http_^^www.firstbrands.com^index.htm
fff47420aa0268bdbff196a92f453731_0, 081c03611f1d04c6e28fde17ff95810f_0
1183fddd9ff9795e533b63d1a8adb2d9_2566, 072a779f741087ffaf469b2399c3b04e_0
ff7415db2ed961a0484689f0926cd258_5, 05254fee4f3745860c81886902b07b53_0
1183fddd9ff9795e533b63d1a8adb2d9_1986, 0a49b341c3e3a6ece6cf3695e7e27107_0
eee871345b22899ce415eee717bb606e_0, 0300aa5a0ca41dcb8443e2d8d765e54f_1
ff110e9b22ee3c7575f4e4ae26563594_10, 037bd8ade680621feb428eb8fd0a5969_4
11d7cbd0c47f4ee05934e784373914f0_0, 01913b77281d72238a7ba55999fbcd9a_0
11403f959208305959263124f0146f0f_0, 02df9a8a98ce047685a8e2cd220164e8_0
ff4e73832a80a73750965d2ddaa34a57_0, 035575cdb532875c78629c5f264dfd19_0
1183fddd9ff9795e533b63d1a8adb2d9_243, 015a4f49f12e2415acdf29bbcb4a6c59_1
ff5f7f2cff4e7c6e7c3bbcdcdad1a753_0, http_^^www.cnf.com^
1183fddd9ff9795e533b63d1a8adb2d9_490, 00860e320c0b06890be4fb954e76b0cb_0
11670da3b016960a1565c58701c65e0b_0, 0636bdb5deddc0ae238e9bf418c57766_0
fff437dcd95b86a2601ea34dfa8ed63d_0, http_^^www.calumetbancorp.com^depositrates.htm
1183fddd9ff9795e533b63d1a8adb2d9_1516, 015a4f49f12e2415acdf29bbcb4a6c59_1
1183fddd9ff9795e533b63d1a8adb2d9_649, 00860e320c0b06890be4fb954e76b0cb_0
1183fddd9ff9795e533b63d1a8adb2d9_1865, 06eaaeceb8207e3c6e7994277556d4e2_0
1183fddd9ff9795e533b63d1a8adb2d9_647, 00860e320c0b06890be4fb954e76b0cb_0
ff3d93e29b5fddafc4e4767656c11bcf_0, 0f86195d4ce4dc2fb9d9ccdd7d200dcc_0
1183fddd9ff9795e533b63d1a8adb2d9_1239, 015a4f49f12e2415acdf29bbcb4a6c59_1
1183fddd9ff9795e533b63d1a8adb2d9_954, 072a779f741087ffaf469b2399c3b04e_0
ff53a5cc52e333fa156395a1b668ba81_0, 0a16c2fd3dd8a4c1640bcb0503dcb96b_0
1183fddd9ff9795e533b63d1a8adb2d9_1541, 00860e320c0b06890be4fb954e76b0cb_0
1183fddd9ff9795e533b63d1a8adb2d9_857, 072a779f741087ffaf469b2399c3b04e_0
11b846a7f36e023cc9873e0f2eedc448_0, 0b81ed9fc2b4ee9e5f12c732b7d215fa_0
1183fddd9ff9795e533b63d1a8adb2d9_787, 072a779f741087ffaf469b2399c3b04e_0
1183fddd9ff9795e533b63d1a8adb2d9_1664, 072a779f741087ffaf469b2399c3b04e_0
ee54d3791bebce74c887840972776f97_101, 0566389b229447ecae230156aaba9240_0
ffc83003b86450b21ee9c0f51fc4f791_5, 0f94de9d9dc1df9d30d0e5a538d51d96_10
1183fddd9ff9795e533b63d1a8adb2d9_692, 072a779f741087ffaf469b2399c3b04e_0
11c169637b55ebde3aafcbfb0ab919ed_0, 0570af32a184f6104917d4f3d1a0c453_0
1183fddd9ff9795e533b63d1a8adb2d9_1482, 00860e320c0b06890be4fb954e76b0cb_0
1183fddd9ff9795e533b63d1a8adb2d9_732, 072a779f741087ffaf469b2399c3b04e_0
1183fddd9ff9795e533b63d1a8adb2d9_1123, 019eb275ed9bf444b1e65156f7e8f3ee_0
ff19d4d7db098f6c7e27cab99fd3d6a6_0, 0b212774f696c7686d2c9c8009e18472_0
1183fddd9ff9795e533b63d1a8adb2d9_2245, 00860e320c0b06890be4fb954e76b0cb_0
11416b229a3ace61e10b473e2f0cf552_0, 06eaaeceb8207e3c6e7994277556d4e2_0
1183fddd9ff9795e533b63d1a8adb2d9_2286, 00860e320c0b06890be4fb954e76b0cb_0
eecc282257523da1ad220905b0636bbe_0, 057209d2bdb9b9ac35ed778d33836ccd_0
ffa469f2288569ef315c9f085579989e_0, 070a6bec031f6297399d1b8460b25bd8_0
11d38fcac749bb9d059904660b247d36_1, 009fe8cd5fc85401cea0b2b392b4e4ff_0
1183fddd9ff9795e533b63d1a8adb2d9_1442, 0207eefdb4e598c2d7aceeb7af345428_0
1183fddd9ff9795e533b63d1a8adb2d9_2269, 015a4f49f12e2415acdf29bbcb4a6c59_1
eeb5ef2d1a72d5100187e3011e8035ea_0, 0549d672aeb0710147479fe393a2a372_0
ff0656328e004f51f317494d8ac7de72_0, 05ec518961c27eeb3c1ee1637ce18d2a_0
1183fddd9ff9795e533b63d1a8adb2d9_1624, 072a779f741087ffaf469b2399c3b04e_0
114fdaf0b6018e8197fcbef902932ee5_0, 00209f43341c7a1e4d9eb48b5b9b52ba_0
ee8e540f0a0ae53e61ed8492ba1de92e_0, 00ab0957237b2ba3265057a08fb581a0_0
1183fddd9ff9795e533b63d1a8adb2d9_485, 015a4f49f12e2415acdf29bbcb4a6c59_1
1183fddd9ff9795e533b63d1a8adb2d9_1046, 00860e320c0b06890be4fb954e76b0cb_0
1113fec1aa2f98a7028b0a0e749dae76_0, http_^^www.unitedwater.com^ownopert.htm
11be65f05d45b6bed4787ef0bfe7dede_0, 0a54fef9a32eb1554acbf8e25e7b6e0f_0
1183fddd9ff9795e533b63d1a8adb2d9_1420, 072a779f741087ffaf469b2399c3b04e_0
1183fddd9ff9795e533b63d1a8adb2d9_751, 00860e320c0b06890be4fb954e76b0cb_0
1183fddd9ff9795e533b63d1a8adb2d9_901, 00860e320c0b06890be4fb954e76b0cb_0
1183fddd9ff9795e533b63d1a8adb2d9_1889, 06eaaeceb8207e3c6e7994277556d4e2_0
1183fddd9ff9795e533b63d1a8adb2d9_2352, 015a4f49f12e2415acdf29bbcb4a6c59_1
ee6dc76d17117c7531a7b332e8091d95_0, 0439280f077781ae3b2eed85bd27ee9d_0
ff99951281f6123a08f610028c2d27d0_15, http_^^www.dbc.com^sigonline^
1183fddd9ff9795e533b63d1a8adb2d9_1833, 00860e320c0b06890be4fb954e76b0cb_0
ee29d567a54cf776d7c79e807ab323ec_0, 018c46e008ea31ce4c52b4a07983a4f2_0
1172f6640dca6b7215b591f5c1b31be1_0, 091bde9cbf9583a78d49dcf0595a0feb_0
1183fddd9ff9795e533b63d1a8adb2d9_625, 00860e320c0b06890be4fb954e76b0cb_0
ff407da50348e0bf9bd8f6079a9b1e7d_0, 06c759589398742af66fb0d535da619b_0
1183fddd9ff9795e533b63d1a8adb2d9_400, 00860e320c0b06890be4fb954e76b0cb_0
1183fddd9ff9795e533b63d1a8adb2d9_2019, 00860e320c0b06890be4fb954e76b0cb_0
ffd6d230bf7ed179b9ee12dc8b51a1b0_0, 0107f3ab5ae56e27c08d175517ec866d_0
ff7faf9b479e52c4e285865b9fbad7f1_0, 01feee3c7a4bb00aa70915cb0073f838_0
ff87946e06cb11ea26590a485614432c_1, 0affb32faf1de04a68495f09fc470e77_0
11e4bc7147fbf1942cd697cbd6591748_0, 0de94e649d30eeeb52f7ce3fe0d6d4d1_0
1183fddd9ff9795e533b63d1a8adb2d9_2622, 0a49b341c3e3a6ece6cf3695e7e27107_0
1183fddd9ff9795e533b63d1a8adb2d9_245, 0a49b341c3e3a6ece6cf3695e7e27107_0
ffcb49b64fb10420f7627b3d73234f53_0, 0db2e94b545f853396795870b78eeec6_0
ee1802d60da3617990a5488195ae1ab1_2, 015ad9e762b99253d043c098a0c2d406_0
ff5cbe96e4024da5d9d8486e672a30cc_0, 001bffd1a2f1ea2f23970367192feb36_0
1183fddd9ff9795e533b63d1a8adb2d9_1667, 072a779f741087ffaf469b2399c3b04e_0
1183fddd9ff9795e533b63d1a8adb2d9_2101, 015a4f49f12e2415acdf29bbcb4a6c59_1
1183fddd9ff9795e533b63d1a8adb2d9_2358, 00860e320c0b06890be4fb954e76b0cb_0
ff00df830359263d9497b617e52372a4_13, 03316b9b82ee58b565e2888f981f0a41_10
1154084e1f15e7e55d024a4cb77e942a_0, 0f0037c70b6f8ffa899a23a1146a0010_0
1183fddd9ff9795e533b63d1a8adb2d9_855, 015a4f49f12e2415acdf29bbcb4a6c59_1
11ee8dc29ebfb43a0374a1d89ee6cac2_0, 0933bff5831887e788fd3046687132b4_0
1183fddd9ff9795e533b63d1a8adb2d9_1709, 015a4f49f12e2415acdf29bbcb4a6c59_1
ee4ca43c29a20985150028dd05a43b5e_0, 046e43cf780873783647918dcedf601a_0
ff648c07b3c286bc043ed41d6a57f71b_0, 0c6816aadcf5d49a8453c0d2d7fc016b_0
1180d41b7f0609d704b7e373d2cb6d9a_2, 0e7f34d332d3479855d01cf2a52f288c_10
1183fddd9ff9795e533b63d1a8adb2d9_124, 072a779f741087ffaf469b2399c3b04e_0
1183fddd9ff9795e533b63d1a8adb2d9_1290, 0aec5c19d5c42a7d2fb79e42a4954c9c_0
1183fddd9ff9795e533b63d1a8adb2d9_1449, 015a4f49f12e2415acdf29bbcb4a6c59_1
ee87ffbee09c46c4c544666e1b99d958_0, 0b71696dbb107093752a00ae7a55e326_1
1183fddd9ff9795e533b63d1a8adb2d9_1944, 00860e320c0b06890be4fb954e76b0cb_0
115d48eb7dd9d7834eab53c9cc28226e_0, 0b682804e7218205b5b68e6094b5660e_0
ee54d3791bebce74c887840972776f97_87, 0566389b229447ecae230156aaba9240_0
1183fddd9ff9795e533b63d1a8adb2d9_1881, 00860e320c0b06890be4fb954e76b0cb_0
1183fddd9ff9795e533b63d1a8adb2d9_370, 00860e320c0b06890be4fb954e76b0cb_0
1183fddd9ff9795e533b63d1a8adb2d9_1090, 072a779f741087ffaf469b2399c3b04e_0
eee4e2ed8fac278191f3608161c0be3a_1, 00b6d92c266cc5abbaafdaaf38b77ce7_0
1183fddd9ff9795e533b63d1a8adb2d9_2722, 00860e320c0b06890be4fb954e76b0cb_0
eebd9249f99398a3d239bdba3c9a575c_0, 0027155de6070713e6ba81559a53d3ef_0
eef55c7f2904b8c44375866d362de548_1, 06a48e30d1218aeea3330a3727a9fc04_0
1183fddd9ff9795e533b63d1a8adb2d9_562, 015a4f49f12e2415acdf29bbcb4a6c59_1
ee3590a2c7ee033772ddd7f67537d4bd_0, 059a0441fa85ad23b71b4a16f67bdda4_0
1183fddd9ff9795e533b63d1a8adb2d9_1608, 072a779f741087ffaf469b2399c3b04e_0
fffd923be92d318c7ee84567bb2c6432_0, 082d2e0cf3e3ced2e09eb5314849c077_0
ee2eb70a153174d924b463e9ef7d06fd_0, 012dfb2e69096f2e0dcd10288a91f9d3_0
1183fddd9ff9795e533b63d1a8adb2d9_1899, 0a49b341c3e3a6ece6cf3695e7e27107_0
11ebb3a648b0757753c9285564916fe5_0, 097add7f7c9b6ab97780cb3e84d2f0d9_22
eed6c9243810d3660d2fbb7d9510bc7e_0, 05d678f6712cb4a8b45a8b9c62dee2ed_0
1183fddd9ff9795e533b63d1a8adb2d9_2207, 072a779f741087ffaf469b2399c3b04e_0
1183fddd9ff9795e533b63d1a8adb2d9_2338, 0207eefdb4e598c2d7aceeb7af345428_0
1183fddd9ff9795e533b63d1a8adb2d9_2445, 015a4f49f12e2415acdf29bbcb4a6c59_1
ffb79a558677c89b4e0eb8c76e35dc5d_26, 0e6acf07ab69dc46560274c60459c496_0
ee54d3f7c1a7fa8f7cc6b9063c1b83ef_0, 075c813059258c8cd6881385ae4289ac_0
1183fddd9ff9795e533b63d1a8adb2d9_1387, 0a49b341c3e3a6ece6cf3695e7e27107_0
1183fddd9ff9795e533b63d1a8adb2d9_1325, 015a4f49f12e2415acdf29bbcb4a6c59_1
ff7415db2ed961a0484689f0926cd258_9, 080d6a22344a5687f8da2f9609c6c17f_2
11eb5e87b9794ab72452fd90b06166f7_0, 0438293c884a8f59b4e41ac0247ac628_0
113c22e1c627f25f5101ec91f880fb84_0, http_^^www.sybronchemicals.com^busprod.htm
1183fddd9ff9795e533b63d1a8adb2d9_567, 015a4f49f12e2415acdf29bbcb4a6c59_1
1183fddd9ff9795e533b63d1a8adb2d9_2736, 015a4f49f12e2415acdf29bbcb4a6c59_1
1183fddd9ff9795e533b63d1a8adb2d9_1773, 00860e320c0b06890be4fb954e76b0cb_0
11f0158bf13f533706c2feb7218c6024_27, 0bb6254b5803825885c47973fc90ce10_30
1183fddd9ff9795e533b63d1a8adb2d9_1295, 0a49b341c3e3a6ece6cf3695e7e27107_0
1183fddd9ff9795e533b63d1a8adb2d9_2697, 00860e320c0b06890be4fb954e76b0cb_0
11b446bb6b2cc32fa9ad9a7823171d6c_0, 06d39a2e02b34ef66f534ed301decd5c_0
1183fddd9ff9795e533b63d1a8adb2d9_1559, 00860e320c0b06890be4fb954e76b0cb_0
1183fddd9ff9795e533b63d1a8adb2d9_2340, 00860e320c0b06890be4fb954e76b0cb_0
ffae4dc3b53b37c27ff1e982b58ac167_0, 0e8800247b9c16f7787990b60de28cba_0
eee1b408aafd7275c8ec7b2e55d81e26_0, 032e7416badaedff38c6c278a2c304ba_0
117b5f54ce1490cde0b721a476876ec4_0, 032bf4001e5094d738f186e0af26cfea_0
1183fddd9ff9795e533b63d1a8adb2d9_1272, 0aec5c19d5c42a7d2fb79e42a4954c9c_0
1183fddd9ff9795e533b63d1a8adb2d9_2067, 015a4f49f12e2415acdf29bbcb4a6c59_1
1183fddd9ff9795e533b63d1a8adb2d9_2301, 015a4f49f12e2415acdf29bbcb4a6c59_1
ee906ded593d4cd7d7cb038518c2e2e4_0, http_^^www.sunh.com^pages^investor.htm
11183ea25cc225280d8e885b0467ff7b_0, 0df73b8ffdf689e346031a405b47e502_0
1183fddd9ff9795e533b63d1a8adb2d9_201, 015a4f49f12e2415acdf29bbcb4a6c59_1
1183fddd9ff9795e533b63d1a8adb2d9_547, 019eb275ed9bf444b1e65156f7e8f3ee_0
1183fddd9ff9795e533b63d1a8adb2d9_409, 072a779f741087ffaf469b2399c3b04e_0
ffbde7f932cc0f808ec49cd638529772_0, 034609961ec6145c695fd824b2d374ba_0
1183fddd9ff9795e533b63d1a8adb2d9_1291, 00860e320c0b06890be4fb954e76b0cb_0
ee24a92a12309829d188eded7b1b31b3_0, 055cc8d38b3efcb3f0b134e526d9f6a5_0
11f0158bf13f533706c2feb7218c6024_17, 0bb6254b5803825885c47973fc90ce10_30
1183fddd9ff9795e533b63d1a8adb2d9_2633, 00860e320c0b06890be4fb954e76b0cb_0
eec3f35c3d6ee468989bbd4c1609694b_0, firstpost_1213735_17389.html
11037e8a85f88078e0a28470963b6878_0, 0365b3393a0116ae48291c33cb676218_0
1183fddd9ff9795e533b63d1a8adb2d9_725, 0f6a0212204db7f4608d90866dbbda0c_0
1183fddd9ff9795e533b63d1a8adb2d9_351, 00860e320c0b06890be4fb954e76b0cb_0
ffca2e88be4fb6c2bd6147518e269363_0, 010734d8aaa52442b626f24275d80b0c_0
ee99a37490e38be37dffb61119636c1c_0, 01a5c557a2c8978ecff49bd626b2b275_0
ee54d3791bebce74c887840972776f97_13, 0566389b229447ecae230156aaba9240_0
1183fddd9ff9795e533b63d1a8adb2d9_1388, 00860e320c0b06890be4fb954e76b0cb_0
1183fddd9ff9795e533b63d1a8adb2d9_53, 015a4f49f12e2415acdf29bbcb4a6c59_1
115d5384d725b86486a3a5a7fad3e71e_0, 03576ad20683a32ca254ce41e250a379_0
1183fddd9ff9795e533b63d1a8adb2d9_1950, 00860e320c0b06890be4fb954e76b0cb_0
ff7415db2ed961a0484689f0926cd258_2, 09db53d1db8a4b03523c5c2f0c36a6f6_0
ff9987a92394204311a54abd764edc33_0, http_^^www.cyberoptics.com^links.htm
1183fddd9ff9795e533b63d1a8adb2d9_2652, 00860e320c0b06890be4fb954e76b0cb_0
1183fddd9ff9795e533b63d1a8adb2d9_87, 015a4f49f12e2415acdf29bbcb4a6c59_1
ffce8a939cb5b57ee8c5083e63a5419b_1, 0ef62870cc9f71b76ba65f8d2662fe49_0
1183fddd9ff9795e533b63d1a8adb2d9_2156, 015a4f49f12e2415acdf29bbcb4a6c59_1
1183fddd9ff9795e533b63d1a8adb2d9_1067, 015a4f49f12e2415acdf29bbcb4a6c59_1
11e1a07047bcdaf7ab72c8f1d558b813_0, 05545ddc4410cb568cc139f1c034f5d6_0
1183fddd9ff9795e533b63d1a8adb2d9_1001, 00860e320c0b06890be4fb954e76b0cb_0
ff1c0a500419dc22ad16a5559aa43c77_0, 078d4996cbe546c629c3ba85484f6760_0
eeb5d2aacb990b9009f2362a59c303e1_0, http_^^www.adamsbank.com^forms^credit.htm
ffafbfc8765e5b7f6e6451d82af7712e_0, 068875279674b2887650033f60bb3478_0
ffb3dbba03cbf2fa71f1dc278bf4a642_10, 02586c6729efb283df6d868bbca95795_60
11f78b2afb500f7e1b9dec757d083d3b_0, 0ed2f2e006a758fc274841d77626f194_0
1183fddd9ff9795e533b63d1a8adb2d9_705, 072a779f741087ffaf469b2399c3b04e_0
1183fddd9ff9795e533b63d1a8adb2d9_604, 06eaaeceb8207e3c6e7994277556d4e2_0
1166fece5cb016e93696e1787321a3ed_0, 0970f389e26df53e304f259e107726ae_0
1183fddd9ff9795e533b63d1a8adb2d9_1411, 015a4f49f12e2415acdf29bbcb4a6c59_2
1183fddd9ff9795e533b63d1a8adb2d9_842, 0207eefdb4e598c2d7aceeb7af345428_0
ee761863a6d33ba987b48e6766458951_0, http_^^www.vitalink-pharmacy.com^p26.htm
1183fddd9ff9795e533b63d1a8adb2d9_1111, 019eb275ed9bf444b1e65156f7e8f3ee_0
ee247de7400dea765044c3b9070ef863_0, 0fc3efb7adf875e588afe1a629aa3bd8_0
1183fddd9ff9795e533b63d1a8adb2d9_2252, 00860e320c0b06890be4fb954e76b0cb_0
1183fddd9ff9795e533b63d1a8adb2d9_2270, 072a779f741087ffaf469b2399c3b04e_0
ffc83003b86450b21ee9c0f51fc4f791_3, 0f94de9d9dc1df9d30d0e5a538d51d96_10
ff3f47f14c74ab4f6f817c1a9780c841_0, firstpost_926363_16089.html
11e4214491bb8edf8b7be99c590fbdc3_0, http_^^www.glassmasterco.com^monodiv.html
1183fddd9ff9795e533b63d1a8adb2d9_2651, 0f6a0212204db7f4608d90866dbbda0c_0
1183fddd9ff9795e533b63d1a8adb2d9_2130, 0a49b341c3e3a6ece6cf3695e7e27107_0
ff851e8c9336a144344ae96142f854a4_0, 059c5c3dc3d6b8b9859d4bb9a78391cd_0
ff99951281f6123a08f610028c2d27d0_12, http_^^www.dbc.com^sigonline^
1183fddd9ff9795e533b63d1a8adb2d9_2124, 072a779f741087ffaf469b2399c3b04e_0
ffcfa5e2d549b1ea903ca67c91055ef9_1, 0180e674a875e9a8f7123f708b4d0656_0
ffc83003b86450b21ee9c0f51fc4f791_7, 0f94de9d9dc1df9d30d0e5a538d51d96_1
ff6f7c3cd08de98eb12f9451b68207f0_0, 029fe293ee257a596e70d1acce849fd7_0
ffba038026af263ed9e683e17ddd47be_3, 005bd118ad96ccf0db3896d8cb9db51d_0
ff714a2a027208c6a34c10254ba64047_0, http_^^www.usa-truck.com^pride^4q96nr.htm
1183fddd9ff9795e533b63d1a8adb2d9_2559, 00860e320c0b06890be4fb954e76b0cb_0
1183fddd9ff9795e533b63d1a8adb2d9_2170, 072a779f741087ffaf469b2399c3b04e_0
1183fddd9ff9795e533b63d1a8adb2d9_885, 015a4f49f12e2415acdf29bbcb4a6c59_1
1183fddd9ff9795e533b63d1a8adb2d9_1997, 015a4f49f12e2415acdf29bbcb4a6c59_1
11bca1390d1f600d402c9a9370e4d15f_0, 00ab0957237b2ba3265057a08fb581a0_0
1183fddd9ff9795e533b63d1a8adb2d9_1120, 00860e320c0b06890be4fb954e76b0cb_0
fff02157229c0c33f44133238cc9b937_0, 09d76f0a082796fdaecba8d00ca4bc27_0
1183fddd9ff9795e533b63d1a8adb2d9_598, 015a4f49f12e2415acdf29bbcb4a6c59_1
1183fddd9ff9795e533b63d1a8adb2d9_540, 00860e320c0b06890be4fb954e76b0cb_0
ffb79a558677c89b4e0eb8c76e35dc5d_28, 02df098d0bdd224b3d96a217aef9c648_0
1183fddd9ff9795e533b63d1a8adb2d9_742, 06eaaeceb8207e3c6e7994277556d4e2_0
ff3eca52885030a9430893bd515ff8ae_0, 07f7f31b4bf3a90ea15f37f24331ed9c_0
1183fddd9ff9795e533b63d1a8adb2d9_1797, 015a4f49f12e2415acdf29bbcb4a6c59_1
1183fddd9ff9795e533b63d1a8adb2d9_2287, 00860e320c0b06890be4fb954e76b0cb_0
112ddc4d9e497650e448925a3a6b17d4_0, 009b474ec357fbdf51cc922654e551d7_0
1183fddd9ff9795e533b63d1a8adb2d9_2271, 072a779f741087ffaf469b2399c3b04e_0
1183fddd9ff9795e533b63d1a8adb2d9_1255, 015a4f49f12e2415acdf29bbcb4a6c59_1
1183fddd9ff9795e533b63d1a8adb2d9_2728, 015a4f49f12e2415acdf29bbcb4a6c59_1
ffa73bc455545d4c84eb19289bb5ed50_10, 0cd18e147e5a3e3ad1b3cb079e8b3ad9_0
ee453532c9316c29ab85172da182dd9e_11, 0af54285a9ef003750b56201b560cde2_10
1183fddd9ff9795e533b63d1a8adb2d9_1953, 00860e320c0b06890be4fb954e76b0cb_0
ff110e9b22ee3c7575f4e4ae26563594_26, 037bd8ade680621feb428eb8fd0a5969_10
1183fddd9ff9795e533b63d1a8adb2d9_2307, 019eb275ed9bf444b1e65156f7e8f3ee_0
1183fddd9ff9795e533b63d1a8adb2d9_348, 0f6a0212204db7f4608d90866dbbda0c_0
11461f1e500880dd916cac380234e32f_0, http_^^www.firstar.com^
11d71c8a987cfceb0605e670c04e16a6_0, 064a73c3493666c1a55620d1e51ce435_0
1183fddd9ff9795e533b63d1a8adb2d9_982, 00860e320c0b06890be4fb954e76b0cb_0
1183fddd9ff9795e533b63d1a8adb2d9_2012, 072a779f741087ffaf469b2399c3b04e_0
1183fddd9ff9795e533b63d1a8adb2d9_1023, 015a4f49f12e2415acdf29bbcb4a6c59_1
1183fddd9ff9795e533b63d1a8adb2d9_2655, 072a779f741087ffaf469b2399c3b04e_0
1183fddd9ff9795e533b63d1a8adb2d9_1086, 00860e320c0b06890be4fb954e76b0cb_0
ff110e9b22ee3c7575f4e4ae26563594_29, 037bd8ade680621feb428eb8fd0a5969_4
1183fddd9ff9795e533b63d1a8adb2d9_1628, 072a779f741087ffaf469b2399c3b04e_0
1183fddd9ff9795e533b63d1a8adb2d9_500, 015a4f49f12e2415acdf29bbcb4a6c59_1
1183fddd9ff9795e533b63d1a8adb2d9_1195, 00860e320c0b06890be4fb954e76b0cb_0
1107ec82362d3ce78c244a54418bead6_1, 04dbc89f7b2c82eec7bd107e3fc8c3f4_0
1183fddd9ff9795e533b63d1a8adb2d9_1933, 015a4f49f12e2415acdf29bbcb4a6c59_1
ee54d3791bebce74c887840972776f97_25, 0566389b229447ecae230156aaba9240_0
11a17cd3a3d7a02ab2366a9935e7365f_0, 0ed3a5c0ed7f23fb0d65fbc25772aa67_0
1183fddd9ff9795e533b63d1a8adb2d9_1758, 00860e320c0b06890be4fb954e76b0cb_0
ff08974345b1d228bf0a3a9906afbc8f_0, 06c12778ad3b07680dc76a7f9a61700d_0
ee8928f4d528ad0625b8a142c30d2de7_1, 01035e7c93e1edc81ea73aadc832d89f_1
ffb79a558677c89b4e0eb8c76e35dc5d_49, 0e6acf07ab69dc46560274c60459c496_0
116738949c4944e0b96c979d0b88eb0d_0, 02e3eb82a76a2ef2d3e9b63bc20158e9_0
1183fddd9ff9795e533b63d1a8adb2d9_1498, 072a779f741087ffaf469b2399c3b04e_0
ff0173bc2eb48cf962771a9310a68a4d_0, 0f387b613779a3fd1cfae957027891e7_0
11012509f40d044720939aea69d78e21_0, 00ece97ba42a76da67999076b90a1e7d_0
11f031b30b078364394ada12caa62bf5_0, 039835c1dc2c7500a8156f2842a0d34f_0
eedfa1fcff001f779ce985085c6fa7bc_0, thehindu_article673774_07200.ece
111badcc5b2655cb8bc5df06f9d8e6bc_0, 09692d70ad5c7d128d8ef1c8ba93af59_0
1183fddd9ff9795e533b63d1a8adb2d9_1560, 00860e320c0b06890be4fb954e76b0cb_0
1183fddd9ff9795e533b63d1a8adb2d9_588, 00860e320c0b06890be4fb954e76b0cb_0
1183fddd9ff9795e533b63d1a8adb2d9_2405, 072a779f741087ffaf469b2399c3b04e_0
1183fddd9ff9795e533b63d1a8adb2d9_1196, 072a779f741087ffaf469b2399c3b04e_0
1183fddd9ff9795e533b63d1a8adb2d9_1402, 00860e320c0b06890be4fb954e76b0cb_0
ee0166e79471123d1657177330fed55f_0, 047ce329118ed386a64b62b25a574c62_0
ee50e9fc97221ebebe4fc99dd7b68095_0, 03cf0d957239407c771b7d2bae0ffe55_0
1183fddd9ff9795e533b63d1a8adb2d9_407, 072a779f741087ffaf469b2399c3b04e_0
ff458a1a27678da6655f6ee950739343_0, 0554e0f4160a51f8710ee1492d8341ab_0
eec7e0ad1f09e59681279332789b72a6_0, 0b24fb3dab92d4ab304b74adc6622507_0
ee313723af3fb7c959b2bcd70d0f0d34_1, 0f1045185481fc52d2b439106ea33956_2
110013e0273b2ace3d1b31867916b599_0, 046b29c4e6ba5371a9aa187d4e6456a3_0
ee5c36e1ee5f4d887eecfdac959b6bfd_23, 044504cb8cd270c65dafb06a89a67dc8_0
1183fddd9ff9795e533b63d1a8adb2d9_2021, 0f6a0212204db7f4608d90866dbbda0c_0
eed758c0ebe5b2bb09ae693f8dfd8966_0, toi_38018985_12997.cms
1183fddd9ff9795e533b63d1a8adb2d9_414, 00860e320c0b06890be4fb954e76b0cb_0
1183fddd9ff9795e533b63d1a8adb2d9_2564, 0207eefdb4e598c2d7aceeb7af345428_0
ff29dcc2598d2b96427d34524839c5c2_0, 006967e90052a35449cf4b881c1aa430_0
1183fddd9ff9795e533b63d1a8adb2d9_1370, 072a779f741087ffaf469b2399c3b04e_0
ee9d4a80780487b5a853ff23f6dd3a9a_0, 04b2c97c29679cce1ad6ee30af39fcef_0
1183fddd9ff9795e533b63d1a8adb2d9_1765, 00860e320c0b06890be4fb954e76b0cb_0
1183fddd9ff9795e533b63d1a8adb2d9_1396, 072a779f741087ffaf469b2399c3b04e_0
1183fddd9ff9795e533b63d1a8adb2d9_1809, 015a4f49f12e2415acdf29bbcb4a6c59_2
1183fddd9ff9795e533b63d1a8adb2d9_1207, 015a4f49f12e2415acdf29bbcb4a6c59_1
1183fddd9ff9795e533b63d1a8adb2d9_2344, 00860e320c0b06890be4fb954e76b0cb_0
1183fddd9ff9795e533b63d1a8adb2d9_627, 072a779f741087ffaf469b2399c3b04e_0
1183fddd9ff9795e533b63d1a8adb2d9_2426, 019eb275ed9bf444b1e65156f7e8f3ee_0
ffb79a558677c89b4e0eb8c76e35dc5d_116, 0e6acf07ab69dc46560274c60459c496_0
1183fddd9ff9795e533b63d1a8adb2d9_1643, 015a4f49f12e2415acdf29bbcb4a6c59_1
ee00488281522592faf0ff25553b91e6_6, 010c3990afc752e9bc27cc2a4913c149_0
1183fddd9ff9795e533b63d1a8adb2d9_456, 015a4f49f12e2415acdf29bbcb4a6c59_1
11370e3db9e14e550b13a3fe8b4e5784_2, 015a9f91c3f6921686eb253e831cbfb2_0
1183fddd9ff9795e533b63d1a8adb2d9_889, 072a779f741087ffaf469b2399c3b04e_0
1183fddd9ff9795e533b63d1a8adb2d9_608, 015a4f49f12e2415acdf29bbcb4a6c59_1
11171a5e48457b769aed4954c14be15c_6, 05fabf2d4e3bb1b56361d0c1dd7ae4ea_1
eea16fe05092882ab8d70628071f663e_3, 0d98ea66189d1088443978eb78ec7aaa_1
11ec211302be550b23086fabdf94f6c3_0, http_^^www.pswtech.com^pswtech^emploppt.html
1183fddd9ff9795e533b63d1a8adb2d9_2339, 072a779f741087ffaf469b2399c3b04e_0
1183fddd9ff9795e533b63d1a8adb2d9_2332, 00860e320c0b06890be4fb954e76b0cb_0
ffb79a558677c89b4e0eb8c76e35dc5d_89, 08931e8faaedb1c79d9da52ae763ceda_0
11165d66c56cf845425875c79a167b23_0, 073e8bb22546ec4a36c5d07177f35b05_0
1183fddd9ff9795e533b63d1a8adb2d9_1723, 072a779f741087ffaf469b2399c3b04e_0
ff00df830359263d9497b617e52372a4_25, 03316b9b82ee58b565e2888f981f0a41_10
1183fddd9ff9795e533b63d1a8adb2d9_1919, 00860e320c0b06890be4fb954e76b0cb_0
1183fddd9ff9795e533b63d1a8adb2d9_2395, 072a779f741087ffaf469b2399c3b04e_0
1183fddd9ff9795e533b63d1a8adb2d9_2317, 072a779f741087ffaf469b2399c3b04e_0
1183fddd9ff9795e533b63d1a8adb2d9_1895, 072a779f741087ffaf469b2399c3b04e_0
1183fddd9ff9795e533b63d1a8adb2d9_1827, 0207eefdb4e598c2d7aceeb7af345428_0
1183fddd9ff9795e533b63d1a8adb2d9_2386, 015a4f49f12e2415acdf29bbcb4a6c59_1
1183fddd9ff9795e533b63d1a8adb2d9_2069, 015a4f49f12e2415acdf29bbcb4a6c59_1
1183fddd9ff9795e533b63d1a8adb2d9_1842, 019eb275ed9bf444b1e65156f7e8f3ee_0
11171a5e48457b769aed4954c14be15c_4, 05fabf2d4e3bb1b56361d0c1dd7ae4ea_1
1183fddd9ff9795e533b63d1a8adb2d9_1160, 00860e320c0b06890be4fb954e76b0cb_0
ff85aec30c539e6354057ebe82d77b16_0, 09d6eb1f3b24fd14c873efd7851ffd58_0
ff7415db2ed961a0484689f0926cd258_0, 013a31684a89e9dc8dd86d7d8f755b1d_0
ee04f400d9187e80a92e83b71616c962_0, 0027155de6070713e6ba81559a53d3ef_0
1183fddd9ff9795e533b63d1a8adb2d9_739, 072a779f741087ffaf469b2399c3b04e_0
1183fddd9ff9795e533b63d1a8adb2d9_457, 00860e320c0b06890be4fb954e76b0cb_0
1183fddd9ff9795e533b63d1a8adb2d9_1662, 015a4f49f12e2415acdf29bbcb4a6c59_1
ff87946e06cb11ea26590a485614432c_0, 0affb32faf1de04a68495f09fc470e77_0
1183fddd9ff9795e533b63d1a8adb2d9_61, 072a779f741087ffaf469b2399c3b04e_0
110aada2044bbdf15bf1f54637660f9a_0, 03fce1fd8e0f1ad9eec1505121f10175_0
111b9f540101518a5f23534bc8fdcbb9_0, 0ce7408a78724de10c6284e9bf617174_0
ee54d3791bebce74c887840972776f97_32, http_^^www.eagleusa.com^archive^ns101996.html
1183fddd9ff9795e533b63d1a8adb2d9_2532, 072a779f741087ffaf469b2399c3b04e_0
1183fddd9ff9795e533b63d1a8adb2d9_1139, 00860e320c0b06890be4fb954e76b0cb_0
11be4a23d7a43f38f8c248d1824d4cee_0, 0b9a495f86ed4216fe351bc8bc3dcdee_0
ee3a8e3c4441c283abb3b14aaf573b87_3, 0c75b89d9864e7547b4368dccdb7136e_0
1183fddd9ff9795e533b63d1a8adb2d9_129, 00860e320c0b06890be4fb954e76b0cb_0
1183fddd9ff9795e533b63d1a8adb2d9_461, 015a4f49f12e2415acdf29bbcb4a6c59_1
1183fddd9ff9795e533b63d1a8adb2d9_1270, 00860e320c0b06890be4fb954e76b0cb_0
11b347274d1d99c5516cd9efc574c5d2_4, http_^^www.wdc.com^products^drives^where2buy.html
ee5c36e1ee5f4d887eecfdac959b6bfd_1, 044504cb8cd270c65dafb06a89a67dc8_0
ee855deae868e8f0f2e7de62309c518d_0, 039ccb6046b82aa61e7d485ef06232db_0
ee54d3791bebce74c887840972776f97_53, 0566389b229447ecae230156aaba9240_0
11c2dd014a5fe046f398cb1681e8b393_0, http_^^www.ntii.com^fintxt.htm
1183fddd9ff9795e533b63d1a8adb2d9_1954, 072a779f741087ffaf469b2399c3b04e_0
1107c995bf10ede38df7bc13dfcbc8ac_0, 00178e5f3212f5e82fb5c8c49d047f02_0
ff439e7730a974a39aab703c3dbb5b8c_0, http_^^www.zonic.com^COMPANY.HTM
ee51321d547327aadc750699e29bba0c_0, 0f2fd49fbb76a7bb13c01f1641f46b0a_7
ee5c36e1ee5f4d887eecfdac959b6bfd_10, 044504cb8cd270c65dafb06a89a67dc8_0
1183fddd9ff9795e533b63d1a8adb2d9_2328, 015a4f49f12e2415acdf29bbcb4a6c59_1
1183fddd9ff9795e533b63d1a8adb2d9_1216, 06eaaeceb8207e3c6e7994277556d4e2_0
ff7e7ae7febd5ed3c7546aed844f0520_0, 0058c13efc9908477f24af73dada2ddd_1
11ef39ee7e4346205155459a13caf68b_0, 0a2e25ec3b3f9e5d3ac0edf37b5e1c67_0
ffb79a558677c89b4e0eb8c76e35dc5d_84, 01507b1f63b79e6f78896258dbdd1036_1
eeab4549d95abc05e7942998ebf8cd3d_0, 0b909ff035374ee1352bebbdc6a08bf0_0
1107ec82362d3ce78c244a54418bead6_2, 04dbc89f7b2c82eec7bd107e3fc8c3f4_0
11099b28d0fc6ea5b905f6fe9cee1338_0, 06287d1f5b264187a9f8cad7ca09f01c_0
1183fddd9ff9795e533b63d1a8adb2d9_2667, 0f6a0212204db7f4608d90866dbbda0c_0
1183fddd9ff9795e533b63d1a8adb2d9_1491, 072a779f741087ffaf469b2399c3b04e_0
1183fddd9ff9795e533b63d1a8adb2d9_1602, 072a779f741087ffaf469b2399c3b04e_0
1199c79e17fe5788dfbe6d0217f0e85a_0, 0ee81ed2ac2bafbaefcb0e33390c8927_0
114d1262bc3ca1e87525688626af00fc_0, 0ba35fcbf5f2fb0b468124d002c9c630_0
1183fddd9ff9795e533b63d1a8adb2d9_2007, 0a49b341c3e3a6ece6cf3695e7e27107_0
1183fddd9ff9795e533b63d1a8adb2d9_510, 0a49b341c3e3a6ece6cf3695e7e27107_0
ff26094f639475bd040846485ff57eff_0, 02ecebcddf7050c756ae6ea2a48857c3_0
eea68f8b81ca94600168e7efa561e1c6_0, firstpost_1265275_14704.html
1183fddd9ff9795e533b63d1a8adb2d9_2658, 0207eefdb4e598c2d7aceeb7af345428_0
ff7415db2ed961a0484689f0926cd258_1, 080d6a22344a5687f8da2f9609c6c17f_0
1183fddd9ff9795e533b63d1a8adb2d9_591, 072a779f741087ffaf469b2399c3b04e_0
ee1f444906b6976dbaa98d846a298a6e_0, 04a747839549e270e2b012323bf41c5d_0
ff4184005598c65b5b32d498d73f7888_0, 07cc0c59c8692e7a39dc493456cca21c_0
ffa73bc455545d4c84eb19289bb5ed50_3, 0cd18e147e5a3e3ad1b3cb079e8b3ad9_0
eeee6786025c7b9f654dc4963debc11e_2, 0b1e0a1f9cd5d856d12970dc2eedea87_0
1183fddd9ff9795e533b63d1a8adb2d9_1722, 00860e320c0b06890be4fb954e76b0cb_0
1183fddd9ff9795e533b63d1a8adb2d9_2614, 00860e320c0b06890be4fb954e76b0cb_0
1183fddd9ff9795e533b63d1a8adb2d9_1817, 015a4f49f12e2415acdf29bbcb4a6c59_1
1183fddd9ff9795e533b63d1a8adb2d9_1831, 00860e320c0b06890be4fb954e76b0cb_0
1183fddd9ff9795e533b63d1a8adb2d9_2528, 072a779f741087ffaf469b2399c3b04e_0
11a09f7981aea89fc812a9696a66d3cf_0, 0bb8c751479ef302d605e0f8a94f3811_17
1183fddd9ff9795e533b63d1a8adb2d9_1432, 072a779f741087ffaf469b2399c3b04e_0
ffb79a558677c89b4e0eb8c76e35dc5d_81, 01507b1f63b79e6f78896258dbdd1036_1
1183fddd9ff9795e533b63d1a8adb2d9_1772, 0a49b341c3e3a6ece6cf3695e7e27107_0
1183fddd9ff9795e533b63d1a8adb2d9_1679, 072a779f741087ffaf469b2399c3b04e_0
1160bee18765f9b552c25164b04465ba_0, 033a88b8579a45c089e86f31cad17e7f_0
eea16fe05092882ab8d70628071f663e_13, 01637cde6cf2f459db96794bc0059ff2_8
1183fddd9ff9795e533b63d1a8adb2d9_161, 015a4f49f12e2415acdf29bbcb4a6c59_1
1183fddd9ff9795e533b63d1a8adb2d9_2379, 015a4f49f12e2415acdf29bbcb4a6c59_1
1183fddd9ff9795e533b63d1a8adb2d9_1904, 00860e320c0b06890be4fb954e76b0cb_0
119274bcfa1ddc7f22d69de50c7e5326_0, 00a3ea0d1313ef95ba839d853937f9a8_0
11a8379d35bd315a5c420b059cc11688_0, 0ff542bafc9edce0e61f2bbb410ee5b3_3
111f1c9fbbcf917bb4255c521a0278e9_0, 0b8a7a23651c2e849eef25d1c2c84818_0
eef55c7f2904b8c44375866d362de548_0, 06a48e30d1218aeea3330a3727a9fc04_0
1183fddd9ff9795e533b63d1a8adb2d9_313, 072a779f741087ffaf469b2399c3b04e_0
1183fddd9ff9795e533b63d1a8adb2d9_2370, 0a49b341c3e3a6ece6cf3695e7e27107_0
ff22499b12e73fc8c132ad68ef0bddce_0, 01e82f5b6e8521be6f9de43b283185f7_0
1183fddd9ff9795e533b63d1a8adb2d9_1395, 00860e320c0b06890be4fb954e76b0cb_0
1183fddd9ff9795e533b63d1a8adb2d9_807, 0207eefdb4e598c2d7aceeb7af345428_0
ee91096858844d260ec8a3ef18c9682e_0, 013a7c3493df2f27f78deaa3049bfe6a_0
1183fddd9ff9795e533b63d1a8adb2d9_1379, 015a4f49f12e2415acdf29bbcb4a6c59_1
1183fddd9ff9795e533b63d1a8adb2d9_700, 0f6a0212204db7f4608d90866dbbda0c_0
eeba07bfac13ffd22846a89309fa5b9c_0, 0dfe9864d93609aa0011767e007ac71b_0
1169edc6ff6edc3731595d391d779549_7, 077dbd7b7927c458f9088d5734f4accd_0
1183fddd9ff9795e533b63d1a8adb2d9_2588, 015a4f49f12e2415acdf29bbcb4a6c59_1
ffd25781e9c3a8bd7939d1a06cd8c77f_2, 0248c998713c4bb572140c664eff7138_1
115e2dd71f6cf1e05e9ef17f8155e879_0, 09cd6e740cbeedb37ede665e2a094878_0
1183fddd9ff9795e533b63d1a8adb2d9_1655, 072a779f741087ffaf469b2399c3b04e_0
1183fddd9ff9795e533b63d1a8adb2d9_2450, 015a4f49f12e2415acdf29bbcb4a6c59_1
ee54d3791bebce74c887840972776f97_36, 0566389b229447ecae230156aaba9240_0
ffd1c5d60856e43eca6bae9df00a6dcf_0, 0542735ada879d22a6b1096a9b075dd9_0
117ac0636ebefcc3805045b5a47e7c28_0, 0603b80f420d05e53a16629896748481_0
1183fddd9ff9795e533b63d1a8adb2d9_2594, 00860e320c0b06890be4fb954e76b0cb_0
1183fddd9ff9795e533b63d1a8adb2d9_1613, 015a4f49f12e2415acdf29bbcb4a6c59_1
ff937c364ab292ea5890ce4c900e0ab8_0, http_^^www.diasham.com^direct01.htm
1183fddd9ff9795e533b63d1a8adb2d9_978, 06eaaeceb8207e3c6e7994277556d4e2_0
1183fddd9ff9795e533b63d1a8adb2d9_203, 00860e320c0b06890be4fb954e76b0cb_0
1183fddd9ff9795e533b63d1a8adb2d9_828, 072a779f741087ffaf469b2399c3b04e_0
1183fddd9ff9795e533b63d1a8adb2d9_832, 072a779f741087ffaf469b2399c3b04e_0
1183fddd9ff9795e533b63d1a8adb2d9_2062, 072a779f741087ffaf469b2399c3b04e_0
ffdeed51dc777463cbc5653f47d755cf_0, 03c9da2a00bc9a8839b3aa8e6c58bb77_0
1180d41b7f0609d704b7e373d2cb6d9a_1, 0e7f34d332d3479855d01cf2a52f288c_10
1163f732efa41d8dfca1af90d1f59f65_0, 01ed6e811a1c4d8644955178e9ebd4fd_0
111574c18275c233560f76810463f9ae_0, 010c3990afc752e9bc27cc2a4913c149_0
fff6770ceb7dc636e669ee405d8e3323_0, 0f1c63a48b2ec7c1d2862b68e8144be0_0
1183fddd9ff9795e533b63d1a8adb2d9_665, 0f6a0212204db7f4608d90866dbbda0c_0
1183fddd9ff9795e533b63d1a8adb2d9_2112, 015a4f49f12e2415acdf29bbcb4a6c59_1
1183fddd9ff9795e533b63d1a8adb2d9_827, 0f6a0212204db7f4608d90866dbbda0c_0
11d308b2da0b3aa1624bc388a58bae37_1, 065676d290d4c27aeb77be19e53787f3_0
1183fddd9ff9795e533b63d1a8adb2d9_506, 0a49b341c3e3a6ece6cf3695e7e27107_0
117c4ca24699d4c8fbc2b646ac9933aa_0, 05f015fa595e1d553a4b2f6caa1acfa7_0
1116833ee6c7b92b960f0e56d53fc0a0_0, 0cfbbb7f9be108696bd572a534673183_0
116693c9eb0b4e7c9366fc70b856c380_0, 0679b90acbe4d480c7a21b522bd48302_0
ff4d734db25f19f4bf876483cd93fc5f_0, http_^^www.cfwy.com^
1183fddd9ff9795e533b63d1a8adb2d9_686, 00860e320c0b06890be4fb954e76b0cb_0
ff86253c966922666a2b3faf830660e9_0, 07228689d79473b65ef293cf1eec3d68_0
ee8928f4d528ad0625b8a142c30d2de7_5, 01035e7c93e1edc81ea73aadc832d89f_1
1183fddd9ff9795e533b63d1a8adb2d9_44, 015a4f49f12e2415acdf29bbcb4a6c59_1
11bd43acf0bb49880268dff55330921f_0, 044ebf42118eee3b9c388c1f6000f084_0
1111b19bc3d687ca2ad3a73f2ba62baa_6, 005bd118ad96ccf0db3896d8cb9db51d_0
1183fddd9ff9795e533b63d1a8adb2d9_602, 0a49b341c3e3a6ece6cf3695e7e27107_0
1183fddd9ff9795e533b63d1a8adb2d9_1960, 00860e320c0b06890be4fb954e76b0cb_0
ffb3dbba03cbf2fa71f1dc278bf4a642_2, 02586c6729efb283df6d868bbca95795_11
1144b164a4f8493ccee383031fb2fed6_0, 07a809b9684c68d1c0e78838ae93e23e_0
1183fddd9ff9795e533b63d1a8adb2d9_412, 015a4f49f12e2415acdf29bbcb4a6c59_1
1183fddd9ff9795e533b63d1a8adb2d9_1336, 00860e320c0b06890be4fb954e76b0cb_0
1183fddd9ff9795e533b63d1a8adb2d9_19, 015a4f49f12e2415acdf29bbcb4a6c59_1
ffb79a558677c89b4e0eb8c76e35dc5d_37, 08931e8faaedb1c79d9da52ae763ceda_0
1183fddd9ff9795e533b63d1a8adb2d9_657, 072a779f741087ffaf469b2399c3b04e_0
1183fddd9ff9795e533b63d1a8adb2d9_529, 015a4f49f12e2415acdf29bbcb4a6c59_1
1183fddd9ff9795e533b63d1a8adb2d9_366, 072a779f741087ffaf469b2399c3b04e_0
1183fddd9ff9795e533b63d1a8adb2d9_1361, 072a779f741087ffaf469b2399c3b04e_0
1183fddd9ff9795e533b63d1a8adb2d9_1990, 00860e320c0b06890be4fb954e76b0cb_0
ee45d2ab0119f68b3065fc17bc96b6a3_1, 00eed43d3aac9c27f88b8688dec160ad_0
1183fddd9ff9795e533b63d1a8adb2d9_1265, 015a4f49f12e2415acdf29bbcb4a6c59_1
1183fddd9ff9795e533b63d1a8adb2d9_750, 015a4f49f12e2415acdf29bbcb4a6c59_2
11b3f2da0a8a3f2b52fd99f7df680d31_0, 0aaef7f2dff30aef2e0ab94cf44ed724_0
ee95e7973ae736d9908d5799c1db6d7f_0, 0cf7a41b7ca13c626ce137168235cea3_0
1183fddd9ff9795e533b63d1a8adb2d9_296, 00860e320c0b06890be4fb954e76b0cb_0
11c81c018e9afd8d2b76315de3bc60a5_0, 0b268a30c6230c5aaf6a26faafbd4cca_0
1183fddd9ff9795e533b63d1a8adb2d9_1345, 015a4f49f12e2415acdf29bbcb4a6c59_1
ff598645f4d58e30fa538e220531b184_0, 0e8242706653dbdcc69dea486d11af5e_0
1183fddd9ff9795e533b63d1a8adb2d9_593, 072a779f741087ffaf469b2399c3b04e_0
fffc8d8ba0ff4465812f8315b5eb1125_0, 0360fc1ab38e5064c518c923e28c1751_0
1183fddd9ff9795e533b63d1a8adb2d9_2003, 015a4f49f12e2415acdf29bbcb4a6c59_1
ee54125766395bf3725f1b3e75374ba9_0, 0b0a21d90191c173ce9b32fe485138e9_0
1183fddd9ff9795e533b63d1a8adb2d9_200, 072a779f741087ffaf469b2399c3b04e_0
1183fddd9ff9795e533b63d1a8adb2d9_2430, 072a779f741087ffaf469b2399c3b04e_0
1183fddd9ff9795e533b63d1a8adb2d9_783, 015a4f49f12e2415acdf29bbcb4a6c59_1
11c62c8b0de20b4cee64521714ba0085_0, 042f62057f14b8a6d6500582f26019a5_0
11af1d9ca2fea4633e255f818a948742_0, 0027155de6070713e6ba81559a53d3ef_0
1183fddd9ff9795e533b63d1a8adb2d9_936, 015a4f49f12e2415acdf29bbcb4a6c59_1
eee92688d0d69acf0aea98257d4aa675_0, 013106c227845a8cd9296c2d2e778a14_0
eef00d57851c14b7ec8d7a70f26efb96_1, 0823ceabf07e766c75ba09d729e9d8bc_0
ee19d829d0228f9190fd305ee1930572_0, 056842bb256bac1bb0f12c4fa1a8be5b_0
fffe88051c3a00ec16e78a787cfd05ca_0, http_^^www.franklin-templeton.com^public^tools^faq.htm
1183fddd9ff9795e533b63d1a8adb2d9_756, 00860e320c0b06890be4fb954e76b0cb_0
11874b001bdb38f819769f9dff9c5c42_0, 04fcdec2e4bc8ce8ab9d85dc0a1fdf15_0
119762749362dd114c1a3b9a8a74dae2_0, 0d187b620759da7b2a6bb7939fce81ce_0
ff3d89513988375c0bff7deb608e71e5_0, 0870fe3f001a2f3faf9a2fb3460d1923_0
1183fddd9ff9795e533b63d1a8adb2d9_2466, 072a779f741087ffaf469b2399c3b04e_0
11f0158bf13f533706c2feb7218c6024_25, 0bb6254b5803825885c47973fc90ce10_30
1183fddd9ff9795e533b63d1a8adb2d9_555, 00860e320c0b06890be4fb954e76b0cb_0
1156a8a02fbda233f1c6babbd2e26d50_0, 0047afad805ed22dc401fa383ab5fa12_0
1183fddd9ff9795e533b63d1a8adb2d9_1303, 019eb275ed9bf444b1e65156f7e8f3ee_0
1183fddd9ff9795e533b63d1a8adb2d9_1340, 015a4f49f12e2415acdf29bbcb4a6c59_1
1183fddd9ff9795e533b63d1a8adb2d9_2154, 015a4f49f12e2415acdf29bbcb4a6c59_1
1183fddd9ff9795e533b63d1a8adb2d9_285, 015a4f49f12e2415acdf29bbcb4a6c59_1
1183fddd9ff9795e533b63d1a8adb2d9_662, 00860e320c0b06890be4fb954e76b0cb_0
1183fddd9ff9795e533b63d1a8adb2d9_2381, 015a4f49f12e2415acdf29bbcb4a6c59_1
111e3dd1f6028b2559e33ef539c3ad9e_0, firstpost_1009543_17704.html
ff110e9b22ee3c7575f4e4ae2656359